table_va,target_rva,lexicon_name,size,current_row,status
0x012A82A0,0x000B1B70,MusicTrack,438,?d_000b1b70@@YAXXZ,unclaimed
0x012A82AC,0x000B1030,AudioEvent,648,?d_000b1030@@YAXXZ,unclaimed
0x012A82B8,0x000B1360,DialogEvent,442,?d_000b1360@@YAXXZ,unclaimed
0x012A82C4,0x000B1590,AmbientStream,443,?d_000b1590@@YAXXZ,unclaimed
0x012A82D0,0x000B17C0,StreamedSound,442,?d_000b17c0@@YAXXZ,unclaimed
0x012A8330,0x000B4B70,AudioSettings,519,?d_000b4b70@@YAXXZ,unclaimed
0x012A840C,0x000B7E70,AerialPathfindNoFlyZone,173,?d_000b7e70@@YAXXZ,unclaimed
0x012A844C,0x000B7F50,AIData,5,?j_000b7f50@@YAXXZ,unclaimed
0x012A8574,0x000B8C90,SkyboxTextureSet,229,?d_000b8c90@@YAXXZ,unclaimed
0x012A85B0,0x00085C20,GameData,1171,?d_00085c20@@YAXXZ,unclaimed
0x012A87AC,0x000C2BC0,WaterTextureList,281,?d_000c2bc0@@YAXXZ,unclaimed
0x012A88A0,0x000C3060,VictorySystemData,261,?d_000c3060@@YAXXZ,unclaimed
0x012A8BD4,0x000DF1A0,PlayerAIType,17,?d_000df1a0@@YAXXZ,unclaimed
0x012A930C,0x00104D40,DisconnectScreen.apt,98,?d_00104d40@@YAXXZ,unclaimed
0x012A9318,0x00104B40,LanLobby.apt,98,?d_00104b40@@YAXXZ,unclaimed
0x012A9324,0x00104AC0,LoadScreen.apt,98,?d_00104ac0@@YAXXZ,unclaimed
0x012A9330,0x00104BC0,MainMenu.apt,98,?d_00104bc0@@YAXXZ,unclaimed
0x012A933C,0x00104C40,OnlineShell.apt,98,?d_00104c40@@YAXXZ,unclaimed
0x012A9348,0x00104CC0,Options.apt,98,?d_00104cc0@@YAXXZ,unclaimed
0x012A9354,0x00104DC0,SaveLoad.apt,98,?d_00104dc0@@YAXXZ,unclaimed
0x012A9360,0x00104E40,Skirmish.apt,98,?d_00104e40@@YAXXZ,unclaimed
0x012A936C,0x001051C0,QuickMatchMenu,98,?d_001051c0@@YAXXZ,unclaimed
0x012A9378,0x00104EC0,QuitMenu.apt,98,?d_00104ec0@@YAXXZ,unclaimed
0x012A9384,0x00104F40,Objectives.apt,98,?d_00104f40@@YAXXZ,unclaimed
0x012A9390,0x00104F40,PlayerStatus.apt,98,?d_00104f40@@YAXXZ,unclaimed
0x012A939C,0x00104FC0,ScoreScreen.apt,98,?d_00104fc0@@YAXXZ,unclaimed
0x012A93A8,0x00105040,CampaignReview.apt,98,?d_00105040@@YAXXZ,unclaimed
0x012A93B4,0x001050C0,InGameChat.apt,98,?d_001050c0@@YAXXZ,unclaimed
0x012A93C0,0x00105140,SpellStore.apt,98,?d_00105140@@YAXXZ,unclaimed
0x012A93D8,0x00506040,WOLQuickMatchMenu,126,?d_00506040@@YAXXZ,unclaimed
0x012A93F0,0x004C4AB0,IMECandidateMainDraw,224,?d_004c4ab0@@YAXXZ,unclaimed
0x012A93FC,0x004C4BD0,IMECandidateTextAreaDraw,838,?d_004c4bd0@@YAXXZ,unclaimed
0x012A9414,0x0047C190,PassSelectedButtonsToParentSystem,107,?d_0047c190@@YAXXZ,unclaimed
0x012A942C,0x004BCBB0,GadgetPushButtonSystem,237,?d_004bcbb0@@YAXXZ,unclaimed
0x012A9474,0x004B6190,GadgetImageComboBoxSystem,,,unclaimed
0x012A9480,0x004B5530,GadgetHorizontalSliderSystem,951,?d_004b5530@@YAXXZ,unclaimed
0x012A948C,0x004BFBE0,GadgetVerticalSliderSystem,806,?d_004bfbe0@@YAXXZ,unclaimed
0x012A94B0,0x004BE340,GadgetTextEntrySystem,744,?d_004be340@@YAXXZ,unclaimed
0x012A94BC,0x004C5860,MessageBoxSystem,680,?d_004c5860@@YAXXZ,unclaimed
0x012A94D4,0x004E98E0,SinglePlayerMenuSystem,443,?d_004e98e0@@YAXXZ,unclaimed
0x012A94E0,0x004D1C40,MapSelectMenuSystem,1628,?d_004d1c40@@YAXXZ,unclaimed
0x012A94EC,0x004E0A70,ReplayMenuSystem,1248,?d_004e0a70@@YAXXZ,unclaimed
0x012A9510,0x004CDF20,LanGameOptionsMenuSystem,,,unclaimed
0x012A951C,0x004D0820,LanMapSelectMenuSystem,1588,?d_004d0820@@YAXXZ,unclaimed
0x012A9528,0x004DFEF0,SaveLoadMenuSystem,1517,?d_004dfef0@@YAXXZ,unclaimed
0x012A9534,0x004D3CA0,PopupCommunicatorSystem,102,?d_004d3ca0@@YAXXZ,unclaimed
0x012A9558,0x004C9C60,KeyboardOptionsMenuSystem,991,?d_004c9c60@@YAXXZ,unclaimed
0x012A9570,0x004FF2E0,WOLLocaleSelectSystem,1050,?d_004ff2e0@@YAXXZ,unclaimed
0x012A9588,0x004F5D10,WOLGameSetupMenuSystem,2352,?d_004f5d10@@YAXXZ,unclaimed
0x012A9594,0x00504600,WOLMapSelectMenuSystem,1372,?d_00504600@@YAXXZ,unclaimed
0x012A95A0,0x004EFAF0,WOLBuddyOverlaySystem,784,?d_004efaf0@@YAXXZ,unclaimed
0x012A95B8,0x004D8440,RCGameDetailsMenuSystem,607,?d_004d8440@@YAXXZ,unclaimed
0x012A95DC,0x0050D030,WOLWelcomeMenuSystem,707,?d_0050d030@@YAXXZ,unclaimed
0x012A960C,0x004D3970,NetworkDirectConnectSystem,542,?d_004d3970@@YAXXZ,unclaimed
0x012A9630,0x004D8A80,PopupLadderSelectSystem,896,?d_004d8a80@@YAXXZ,unclaimed
0x012A9648,0x004C0560,ControlBarSystem,1459,?d_004c0560@@YAXXZ,unclaimed
0x012A96C0,0x004E5420,ScoreScreenSystem,1170,?d_004e5420@@YAXXZ,unclaimed
0x012A96CC,0x004C78C0,DownloadMenuSystem,94,?d_004c78c0@@YAXXZ,unclaimed
0x012A96E4,0x00478F60,GameWinBlockInput,97,?d_00478f60@@YAXXZ,unclaimed
0x012A96FC,0x004B2F30,GadgetCheckBoxInput,478,?d_004b2f30@@YAXXZ,unclaimed
0x012A9720,0x004B8940,GadgetListBoxInput,,,unclaimed
0x012A9738,0x004B4010,GadgetComboBoxInput,539,?d_004b4010@@YAXXZ,unclaimed
0x012A9744,0x004B5E40,GadgetImageComboBoxInput,,,unclaimed
0x012A9750,0x004B4FF0,GadgetHorizontalSliderInput,,,unclaimed
0x012A9774,0x004BEBD0,GadgetTextEntryInput,,,unclaimed
0x012A97BC,0x004C9290,KeyboardOptionsMenuInput,199,?d_004c9290@@YAXXZ,unclaimed
0x012A97E0,0x004D0720,LanMapSelectMenuInput,199,?d_004d0720@@YAXXZ,unclaimed
0x012A9810,0x004F0B40,WOLGameSetupMenuInput,,,unclaimed
0x012A981C,0x00504500,WOLMapSelectMenuInput,199,?d_00504500@@YAXXZ,unclaimed
0x012A98B8,0x004BFFD0,ControlBarInput,,,unclaimed
0x012A98C4,0x004C6A10,ReplayControlInput,,,unclaimed
0x012A98DC,0x004C8560,EstablishConnectionsControlInput,,,unclaimed
0x012A98E8,0x004BFFE0,LeftHUDInput,,,unclaimed
0x012A990C,0x004A37E0,BeaconWindowInput,62,?d_004a37e0@@YAXXZ,unclaimed
0x012A9918,0x004C6F60,DifficultySelectInput,,,unclaimed
0x012A9924,0x004DE1F0,PopupReplayInput,93,?d_004de1f0@@YAXXZ,unclaimed
0x012A9964,0x004DF130,SaveLoadMenuInit,803,?d_004df130@@YAXXZ,unclaimed
0x012A9970,0x004DF520,SaveLoadMenuFullScreenInit,837,?d_004df520@@YAXXZ,unclaimed
0x012A997C,0x004D3D20,PopupCommunicatorInit,216,?d_004d3d20@@YAXXZ,unclaimed
0x012A9988,0x004CAA90,KeyboardOptionsMenuInit,781,?d_004caa90@@YAXXZ,unclaimed
0x012A9994,0x004E9590,SinglePlayerMenuInit,471,?d_004e9590@@YAXXZ,unclaimed
0x012A99A0,0x004D1370,MapSelectMenuInit,868,?d_004d1370@@YAXXZ,unclaimed
0x012A99AC,0x004CF440,LanLobbyMenuInit,,,unclaimed
0x012A99B8,0x004E1D00,ReplayMenuInit,808,?d_004e1d00@@YAXXZ,unclaimed
0x012A99D0,0x004CDA50,LanGameOptionsMenuInit,,,unclaimed
0x012A99DC,0x004D0230,LanMapSelectMenuInit,1010,?d_004d0230@@YAXXZ,unclaimed
0x012A99F4,0x004FF030,WOLLocaleSelectInit,548,?d_004ff030@@YAXXZ,unclaimed
0x012A9A0C,0x004F52C0,WOLGameSetupMenuInit,2101,?d_004f52c0@@YAXXZ,unclaimed
0x012A9A18,0x00503FA0,WOLMapSelectMenuInit,1100,?d_00503fa0@@YAXXZ,unclaimed
0x012A9A3C,0x004D7A10,RCGameDetailsMenuInit,,,unclaimed
0x012A9A48,0x004DDD10,GameSpyPlayerInfoOverlayInit,823,?d_004ddd10@@YAXXZ,unclaimed
0x012A9A54,0x00504E10,WOLMessageWindowInit,272,?d_00504e10@@YAXXZ,unclaimed
0x012A9A60,0x0050C160,WOLWelcomeMenuInit,1867,?d_0050c160@@YAXXZ,unclaimed
0x012A9A6C,0x0050AE10,WOLStatusMenuInit,389,?d_0050ae10@@YAXXZ,unclaimed
0x012A9A78,0x005050C0,WOLQMScoreScreenInit,372,?d_005050c0@@YAXXZ,unclaimed
0x012A9A84,0x004F0520,WOLCustomScoreScreenInit,372,?d_004f0520@@YAXXZ,unclaimed
0x012A9A90,0x004D2700,NetworkDirectConnectInit,1330,?d_004d2700@@YAXXZ,unclaimed
0x012A9AC0,0x004C50F0,InGamePopupMessageInit,730,?d_004c50f0@@YAXXZ,unclaimed
0x012A9AD8,0x004E8DC0,ScoreScreenInit,1422,?d_004e8dc0@@YAXXZ,unclaimed
0x012A9B2C,0x004CE980,LanLobbyMenuUpdate,510,?d_004ce980@@YAXXZ,unclaimed
0x012A9B38,0x004E2410,ReplayMenuUpdate,277,?d_004e2410@@YAXXZ,unclaimed
0x012A9B44,0x004DF9C0,SaveLoadMenuUpdate,297,?d_004df9c0@@YAXXZ,unclaimed
0x012A9B5C,0x004CD470,LanGameOptionsMenuUpdate,296,?d_004cd470@@YAXXZ,unclaimed
0x012A9B68,0x004D0220,LanMapSelectMenuUpdate,,,unclaimed
0x012A9B80,0x004FF010,WOLLocaleSelectUpdate,,,unclaimed
0x012A9B98,0x004F6B60,WOLGameSetupMenuUpdate,,,unclaimed
0x012A9BA4,0x00503F80,WOLMapSelectMenuUpdate,22,?d_00503f80@@YAXXZ,unclaimed
0x012A9BBC,0x004D8F90,GameSpyPlayerInfoOverlayUpdate,22,?d_004d8f90@@YAXXZ,unclaimed
0x012A9BC8,0x00504CF0,WOLMessageWindowUpdate,,,unclaimed
0x012A9BD4,0x0050CA80,WOLWelcomeMenuUpdate,1164,?d_0050ca80@@YAXXZ,unclaimed
0x012A9BE0,0x0050ACF0,WOLStatusMenuUpdate,,,unclaimed
0x012A9BEC,0x00504FA0,WOLQMScoreScreenUpdate,,,unclaimed
0x012A9BF8,0x004F0400,WOLCustomScoreScreenUpdate,,,unclaimed
0x012A9C10,0x004E5020,ScoreScreenUpdate,55,?d_004e5020@@YAXXZ,unclaimed
0x012A9C50,0x004D3C20,PopupCommunicatorShutdown,,,unclaimed
0x012A9C80,0x004CFF40,LanLobbyMenuShutdown,324,?d_004cff40@@YAXXZ,unclaimed
0x012A9CA4,0x004CBAF0,LanGameOptionsMenuShutdown,144,?d_004cbaf0@@YAXXZ,unclaimed
0x012A9CE0,0x004F0E70,WOLGameSetupMenuShutdown,184,?d_004f0e70@@YAXXZ,unclaimed
0x012A9CEC,0x00503F00,WOLMapSelectMenuShutdown,99,?d_00503f00@@YAXXZ,unclaimed
0x012A9CF8,0x004EADA0,WOLBuddyOverlayShutdown,37,?d_004eada0@@YAXXZ,unclaimed
0x012A9D04,0x004D8F70,GameSpyPlayerInfoOverlayShutdown,24,?d_004d8f70@@YAXXZ,unclaimed
0x012A9D58,0x004E2700,ScoreScreenShutdown,37,?d_004e2700@@YAXXZ,unclaimed
0x012A9D70,0x004DE170,PopupReplayShutdown,11,?d_004de170@@YAXXZ,unclaimed
0x012AEC70,0x0022A360,Rider1,184,?d_0022a360@@YAXXZ,unclaimed
0x012AEC80,0x0022A360,Rider2,184,?d_0022a360@@YAXXZ,unclaimed
0x012AEC90,0x0022A360,Rider3,184,?d_0022a360@@YAXXZ,unclaimed
0x012AECA0,0x0022A360,Rider4,184,?d_0022a360@@YAXXZ,unclaimed
0x012AECB0,0x0022A360,Rider5,184,?d_0022a360@@YAXXZ,unclaimed
0x012AECC0,0x0022A360,Rider6,184,?d_0022a360@@YAXXZ,unclaimed
0x012AECD0,0x0022A360,Rider7,184,?d_0022a360@@YAXXZ,unclaimed
0x012AECE0,0x0022A360,Rider8,184,?d_0022a360@@YAXXZ,unclaimed
0x012B3C7C,0x00340A40,ScriptAction,121,?d_00340a40@@YAXXZ,unclaimed
0x012B3C88,0x00340AE0,ScriptCondition,121,?d_00340ae0@@YAXXZ,unclaimed
0x012B3FD0,0x00366410,LivingWorldPlayerArmy,114,?d_00366410@@YAXXZ,unclaimed
0x012B4124,0x0036B7C0,ModifierList,313,?d_0036b7c0@@YAXXZ,unclaimed
0x012B42E8,0x0037B8A0,EmotionNugget,177,?d_0037b8a0@@YAXXZ,unclaimed
0x012B4390,0x00382460,ExperienceLevel,,,unclaimed
0x012B439C,0x00380400,ExperienceScalarTable,218,?d_00380400@@YAXXZ,unclaimed
0x012B4684,0x0039B7B0,HouseColor,82,?d_0039b7b0@@YAXXZ,unclaimed
0x012B4694,0x0039CCF0,LightPointLevel,367,?d_0039ccf0@@YAXXZ,unclaimed
0x012B46F4,0x003A0DA0,Rank,356,?d_003a0da0@@YAXXZ,unclaimed
0x012B4780,0x003AA860,LivingWorldCampaign,228,?d_003aa860@@YAXXZ,unclaimed
0x012B484C,0x003C9B60,LivingWorldRegionCampaign,261,?d_003c9b60@@YAXXZ,unclaimed
0x012B48F8,0x003D2490,LargeGroupAudioMap,,,unclaimed
0x012B4904,0x003CF010,LargeGroupAudioUnusedKnownKeys,208,?d_003cf010@@YAXXZ,unclaimed
0x012B49B4,0x003D64F0,SlopeLimits,126,?d_003d64f0@@YAXXZ,unclaimed
0x012B4E68,0x0040BAF0,CloudEffect,82,?d_0040baf0@@YAXXZ,unclaimed
0x012B5254,0x00425C90,PredefinedEvaEvent,342,?d_00425c90@@YAXXZ,unclaimed
0x012B5260,0x00426C60,NewEvaEvent,813,?d_00426c60@@YAXXZ,unclaimed
0x012B52C8,0x0042E130,FXList,319,?d_0042e130@@YAXXZ,unclaimed
0x012B5920,0x00477320,FontDefaultSettings,480,?d_00477320@@YAXXZ,unclaimed
0x012B592C,0x004779C0,FontSubstitution,249,?d_004779c0@@YAXXZ,unclaimed
0x012B5C20,0x00485AB0,TOOLTIP,121,?d_00485ab0@@YAXXZ,unclaimed
0x012B7C80,0x0055BBA0,OnlineProfile,100,?d_0055bba0@@YAXXZ,unclaimed
0x012B8190,0x00584550,BannerType,123,?d_00584550@@YAXXZ,unclaimed
0x012B8AD8,0x005D1A70,FXParticleSystem,270,?d_005d1a70@@YAXXZ,unclaimed
0x012B9054,0x0060A3A0,LivingWorldAnimObject,124,?d_0060a3a0@@YAXXZ,unclaimed
0x012B9064,0x0060B820,LivingWorldArmyIcon,169,?d_0060b820@@YAXXZ,unclaimed
0x012B9098,0x00614F50,LivingWorldObject,,,unclaimed
0x012B9114,0x0061C410,LivingWorldSound,886,?d_0061c410@@YAXXZ,unclaimed
0x012BA454,0x00794D30,W3DGadgetPushButtonDraw,822,?d_00794d30@@YAXXZ,unclaimed
0x012BA460,0x00795EE0,W3DGadgetPushButtonImageDraw,181,?d_00795ee0@@YAXXZ,unclaimed
0x012BA46C,0x0078FF40,W3DGadgetCheckBoxDraw,546,?d_0078ff40@@YAXXZ,unclaimed
0x012BA478,0x007901F0,W3DGadgetCheckBoxImageDraw,223,?d_007901f0@@YAXXZ,unclaimed
0x012BA484,0x00796480,W3DGadgetRadioButtonDraw,519,?d_00796480@@YAXXZ,unclaimed
0x012BA490,0x00796710,W3DGadgetRadioButtonImageDraw,539,?d_00796710@@YAXXZ,unclaimed
0x012BA49C,0x00797600,W3DGadgetTabControlDraw,1824,?d_00797600@@YAXXZ,unclaimed
0x012BA4A8,0x00797EF0,W3DGadgetTabControlImageDraw,969,?d_00797ef0@@YAXXZ,unclaimed
0x012BA4B4,0x00792A20,W3DGadgetListBoxDraw,556,?d_00792a20@@YAXXZ,unclaimed
0x012BA4C0,0x00792CE0,W3DGadgetListBoxImageDraw,512,?d_00792ce0@@YAXXZ,unclaimed
0x012BA4CC,0x00790530,W3DGadgetComboBoxDraw,460,?d_00790530@@YAXXZ,unclaimed
0x012BA4D8,0x00790970,W3DGadgetImageComboBoxDraw,397,?d_00790970@@YAXXZ,unclaimed
0x012BA4E4,0x00790770,W3DGadgetComboBoxImageDraw,406,?d_00790770@@YAXXZ,unclaimed
0x012BA4F0,0x00790D80,W3DGadgetHorizontalSliderDraw,227,?d_00790d80@@YAXXZ,unclaimed
0x012BA4FC,0x00790EA0,W3DGadgetHorizontalSliderImageDraw,,,unclaimed
0x012BA508,0x007997E0,W3DGadgetVerticalSliderDraw,227,?d_007997e0@@YAXXZ,unclaimed
0x012BA514,0x00799900,W3DGadgetVerticalSliderImageDraw,,,unclaimed
0x012BA520,0x00793260,W3DGadgetProgressBarDraw,553,?d_00793260@@YAXXZ,unclaimed
0x012BA52C,0x00793A60,W3DGadgetProgressBarImageDraw,,,unclaimed
0x012BA538,0x00796D50,W3DGadgetStaticTextDraw,303,?d_00796d50@@YAXXZ,unclaimed
0x012BA544,0x00796ED0,W3DGadgetStaticTextImageDraw,238,?d_00796ed0@@YAXXZ,unclaimed
0x012BA550,0x00798F30,W3DGadgetTextEntryDraw,495,?d_00798f30@@YAXXZ,unclaimed
0x012BA55C,0x007991A0,W3DGadgetTextEntryImageDraw,860,?d_007991a0@@YAXXZ,unclaimed
0x012BA58C,0x0079A980,W3DPowerDraw,1068,?d_0079a980@@YAXXZ,unclaimed
0x012BA598,0x0079CC00,W3DCommandBarBackgroundDraw,279,?d_0079cc00@@YAXXZ,unclaimed
0x012BA5D4,0x0079CD60,W3DCommandBarForegroundDraw,279,?d_0079cd60@@YAXXZ,unclaimed
0x012BA5E0,0x0079A320,W3DNoDraw,,,unclaimed
0x012BA5EC,0x0079A330,W3DDrawMapPreview,1285,?d_0079a330@@YAXXZ,unclaimed
0x012BB650,0x00774FD0,Animation,361,?d_00774fd0@@YAXXZ,unclaimed
0x012BB6A0,0x008522A0,BeginScript,84,?d_008522a0@@YAXXZ,unclaimed
0x012BB6C0,0x00776A90,FXEvent,,,unclaimed
0x012BB6D0,0x0076E7B0,ParticleSysBone,,,unclaimed
