row,target_rva,target_size,scaffold_source,pin,verdict,files
?d_004da760@@YAXXZ,0x004DA760,434,Code/gen_small/dumps_000.cpp,?BFME_Test_Aligned_Box@@YA_NPAUBFMEBoxTestStruct@@@Z,UNPARSEABLE,
?d_0056d430@@YAXXZ,0x0056D430,255,Code/gen_small/dumps_000.cpp,?read_dcg@MeshModelClass@@IAE?AW4WW3DErrorType@@AAVChunkLoadClass@@PAVMeshLoadContextClass@@@Z,LOCATED,Code/Libraries/Source/WWVegas/WW3D2/meshmdlio.cpp
?d_001a3770@@YAXXZ,0x001A3770,253,Code/gen_small/dumps_000.cpp,??0?$_STLP_alloc_proxy@PAUGen_t_005a3940_m4pod@@U1@V?$allocator@UGen_t_005a3940_m4pod@@@_STL@@@_STL@@QAE@ABV?$allocator@UGen_t_005a3940_m4pod@@@1@PAUGen_t_005a3940_m4pod@@@Z,UNPARSEABLE,
?d_00812cd0@@YAXXZ,0x00812CD0,253,Code/gen_small/dumps_000.cpp,__ehhandler$?getClassMemoryPool@StealthUpdate@@CAPAVMemoryPool@@XZ,UNPARSEABLE,
?d_00345910@@YAXXZ,0x00345910,249,Code/gen_small/dumps_000.cpp,?_M_insert_overflow@?$vector@UGen_t_007463a0_p24cd@@V?$allocator@UGen_t_007463a0_p24cd@@@_STL@@@_STL@@IAEXPAUGen_t_007463a0_p24cd@@ABU3@ABU__false_type@2@I_N@Z,UNPARSEABLE,
?d_00590480@@YAXXZ,0x00590480,498,Code/gen_small/dumps_000.cpp,_lua_pushcclosure,UNPARSEABLE,
?d_0006adc0@@YAXXZ,0x0006ADC0,248,Code/gen_small/dumps_000.cpp,?clear@?$hashtable@U?$pair@$$CBHUGen_t_0046b960_p12cd@@@_STL@@HU?$hash@H@2@U?$_Select1st@U?$pair@$$CBHUGen_t_0046b960_p12cd@@@_STL@@@2@U?$equal_to@H@2@V?$allocator@U?$pair@$$CBHUGen_t_0046b960_p12cd@@@_STL@@@2@@_STL@@QAEXXZ,UNPARSEABLE,
?d_001a3bd0@@YAXXZ,0x001A3BD0,247,Code/gen_small/dumps_000.cpp,?_M_insert_overflow@?$vector@UGen_t_005a3db0_p8pod@@V?$allocator@UGen_t_005a3db0_p8pod@@@_STL@@@_STL@@IAEXPAUGen_t_005a3db0_p8pod@@ABU3@ABU__false_type@2@I_N@Z,UNPARSEABLE,
?d_0005d620@@YAXXZ,0x0005D620,136,Code/gen_asm/d_0001466e.asm,?clearWinList@@YAXAAV?$list@PAVAnimateWindow@@V?$allocator@PAVAnimateWindow@@@_STL@@@_STL@@@Z,UNPARSEABLE,
?d_0005da80@@YAXXZ,0x0005DA80,107,Code/gen_asm/d_0001466e.asm,?create_node@AnimateWindowListCreateNodeShim@_STL@@QAEPAU?$_List_node@PAVAnimateWindow@@@2@ABQAVAnimateWindow@@@Z,UNPARSEABLE,
?d_0005e9a0@@YAXXZ,0x0005E9A0,358,Code/gen_asm/d_0001466e.asm,??0?$_STLP_alloc_proxy@PAU?$_Rb_tree_node@U?$pair@$$CBGUGen_t_0045f4e0_m4cd@@@_STL@@@_STL@@U12@V?$allocator@U?$_Rb_tree_node@U?$pair@$$CBGUGen_t_0045f4e0_m4cd@@@_STL@@@_STL@@@2@@_STL@@QAE@ABV?$allocator@U?$_Rb_tree_node@U?$pair@$$CBGUGen_t_0045f4e0_m4cd@@@_STL@@@_STL@@@1@PAU?$_Rb_tree_node@U?$pair@$$CBGUGen_t_0045f4e0_m4cd@@@_STL@@@1@@Z,UNPARSEABLE,
?d_00065a60@@YAXXZ,0x00065A60,387,Code/gen_asm/d_0001466e.asm,?doFreezeTime@ScriptEngine@@QAEXXZ,LOCATED,Code/GameEngine/Source/GameLogic/ScriptEngine/ScriptEngineFields.cpp
?d_00069f00@@YAXXZ,0x00069F00,130,Code/gen_asm/d_0001466e.asm,?clear@?$hashtable@U?$pair@$$CBHUGen_t_0046ab60_p12cd@@@_STL@@HU?$hash@H@2@U?$_Select1st@U?$pair@$$CBHUGen_t_0046ab60_p12cd@@@_STL@@@2@U?$equal_to@H@2@V?$allocator@U?$pair@$$CBHUGen_t_0046ab60_p12cd@@@_STL@@@2@@_STL@@QAEXXZ,UNPARSEABLE,
?d_0006ab90@@YAXXZ,0x0006AB90,275,Code/gen_asm/d_0001466e.asm,?clear@?$hashtable@U?$pair@$$CBHUGen_t_0046b590_p12cd@@@_STL@@HU?$hash@H@2@U?$_Select1st@U?$pair@$$CBHUGen_t_0046b590_p12cd@@@_STL@@@2@U?$equal_to@H@2@V?$allocator@U?$pair@$$CBHUGen_t_0046b590_p12cd@@@_STL@@@2@@_STL@@QAEXXZ,UNPARSEABLE,
?d_0006c180@@YAXXZ,0x0006C180,430,Code/gen_asm/d_0006bc3e.asm,?clear@?$hashtable@U?$pair@$$CBHUGen_t_0046d3b0_p12cd@@@_STL@@HU?$hash@H@2@U?$_Select1st@U?$pair@$$CBHUGen_t_0046d3b0_p12cd@@@_STL@@@2@U?$equal_to@H@2@V?$allocator@U?$pair@$$CBHUGen_t_0046d3b0_p12cd@@@_STL@@@2@@_STL@@QAEXXZ,UNPARSEABLE,
?d_00077040@@YAXXZ,0x00077040,145,Code/gen_asm/d_0006bc3e.asm,?_M_insert_overflow@?$vector@UGen_t_00477580_p16cd@@V?$allocator@UGen_t_00477580_p16cd@@@_STL@@@_STL@@IAEXPAUGen_t_00477580_p16cd@@ABU3@ABU__false_type@2@I_N@Z,UNPARSEABLE,
?d_00083300@@YAXXZ,0x00083300,31,Code/gen_asm/d_0007cab0.asm,?erase@?$list@PAVGameWindow@@V?$allocator@PAVGameWindow@@@_STL@@@_STL@@QAE?AU?$_List_iterator@PAVGameWindow@@U?$_Nonconst_traits@PAVGameWindow@@@_STL@@@2@U32@0@Z,UNPARSEABLE,
?d_0008eaa0@@YAXXZ,0x0008EAA0,145,Code/gen_asm/d_0008e2c0.asm,??0?$_STLP_alloc_proxy@PAUGen_t_0048ed80_m4pod@@U1@V?$allocator@UGen_t_0048ed80_m4pod@@@_STL@@@_STL@@QAE@ABV?$allocator@UGen_t_0048ed80_m4pod@@@1@PAUGen_t_0048ed80_m4pod@@@Z,UNPARSEABLE,
?d_00098170@@YAXXZ,0x00098170,60,Code/gen_asm/d_0008e2c0.asm,?destroy@WindowVideoDestructorShim@@QAEXXZ,NO-DEFINITION,
?d_00098450@@YAXXZ,0x00098450,116,Code/gen_asm/d_0008e2c0.asm,?begin@?$hashtable@U?$pair@$$CBHUGen_t_004989c0_m12pod@@@_STL@@HU?$hash@H@2@U?$_Select1st@U?$pair@$$CBHUGen_t_004989c0_m12pod@@@_STL@@@2@U?$equal_to@H@2@V?$allocator@U?$pair@$$CBHUGen_t_004989c0_m12pod@@@_STL@@@2@@_STL@@QAE?AU?$_Ht_iterator@U?$pair@$$CBHUGen_t_004989c0_m12pod@@@_STL@@U?$_Nonconst_traits@U?$pair@$$CBHUGen_t_004989c0_m12pod@@@_STL@@@2@HU?$hash@H@2@U?$_Select1st@U?$pair@$$CBHUGen_t_004989c0_m12pod@@@_STL@@@2@U?$equal_to@H@2@V?$allocator@U?$pair@$$CBHUGen_t_004989c0_m12pod@@@_STL@@@2@@2@XZ,UNPARSEABLE,
?d_00099490@@YAXXZ,0x00099490,1006,Code/gen_asm/d_0006bbe0.asm,?run@WinInstanceDataInitShim@@QAEXXZ,NO-DEFINITION,
?d_00099a40@@YAXXZ,0x00099A40,771,Code/gen_asm/d_0006bbe0.asm,?setTooltipText@WinInstanceData@@QAEXVUnicodeString@@@Z,LOCATED,Code/GameEngine/Source/GameClient/GUI/WinInstanceData.cpp
?d_0009b150@@YAXXZ,0x0009B150,636,Code/gen_asm/d_0006bbe0.asm,??0?$_STLP_alloc_proxy@PAUGen_t_0049b7a0_m4pod@@U1@V?$allocator@UGen_t_0049b7a0_m4pod@@@_STL@@@_STL@@QAE@ABV?$allocator@UGen_t_0049b7a0_m4pod@@@1@PAUGen_t_0049b7a0_m4pod@@@Z,UNPARSEABLE,
?d_0009df90@@YAXXZ,0x0009DF90,330,Code/gen_asm/d_0006bbe0.asm,?apply@ControlBarSetDefaultConfigShim@@QAEXXZ,NO-DEFINITION,
?d_000a3d70@@YAXXZ,0x000A3D70,176,Code/gen_asm/d_0009fff0.asm,??$_M_allocate_and_copy@PAUGen_t_004a4090_p4pod@@@?$vector@UGen_t_004a4090_p4pod@@V?$allocator@UGen_t_004a4090_p4pod@@@_STL@@@_STL@@IAEPAUGen_t_004a4090_p4pod@@IPAU2@0@Z,UNPARSEABLE,
?d_000a9c90@@YAXXZ,0x000A9C90,77,Code/gen_asm/d_0009fff0.asm,?populate@ControlBarPopulateObserverListShim@@QAEXXZ,NO-DEFINITION,
?d_000b69a0@@YAXXZ,0x000B69A0,286,Code/gen_asm/d_000ae0a0.asm,?getListboxEntryBasedOnCoord@@YAHPAVGameWindow@@HHAAH1@Z,UNPARSEABLE,
?d_000b7af0@@YAXXZ,0x000B7AF0,310,Code/gen_asm/d_000ae0a0.asm,?adjustDisplay@@YAXPAVGameWindow@@_N@Z,UNPARSEABLE,
?d_000c1240@@YAXXZ,0x000C1240,323,Code/gen_asm/d_000bb0e0.asm,?doRepopulateBuildTooltipLayout@ControlBar@@QAEXXZ,NO-DEFINITION,
?d_000d1a90@@YAXXZ,0x000D1A90,331,Code/gen_asm/d_000c81e0.asm,?doGameStart@@YAXXZ,UNPARSEABLE,
?d_000d86c0@@YAXXZ,0x000D86C0,219,Code/gen_asm/d_000d6fb0.asm,?populateLadderListBox@@YAXXZ,UNPARSEABLE,
?d_000e4650@@YAXXZ,0x000E4650,101,Code/gen_asm/d_000d6fb0.asm,?equal_range@?$hashtable@U?$pair@$$CBHUGen_t_004e4cd0_m12pod@@@_STL@@HU?$hash@H@2@U?$_Select1st@U?$pair@$$CBHUGen_t_004e4cd0_m12pod@@@_STL@@@2@U?$equal_to@H@2@V?$allocator@U?$pair@$$CBHUGen_t_004e4cd0_m12pod@@@_STL@@@2@@_STL@@QAE?AU?$pair@U?$_Ht_iterator@U?$pair@$$CBHUGen_t_004e4cd0_m12pod@@@_STL@@U?$_Nonconst_traits@U?$pair@$$CBHUGen_t_004e4cd0_m12pod@@@_STL@@@2@HU?$hash@H@2@U?$_Select1st@U?$pair@$$CBHUGen_t_004e4cd0_m12pod@@@_STL@@@2@U?$equal_to@H@2@V?$allocator@U?$pair@$$CBHUGen_t_004e4cd0_m12pod@@@_STL@@@2@@_STL@@U12@@2@ABH@Z,UNPARSEABLE,
?d_000f1030@@YAXXZ,0x000F1030,150,Code/gen_asm/d_000e5b30.asm,??1Gen_t_004f9c00_p12cd@@QAE@XZ,NO-DEFINITION,
?d_000f10f0@@YAXXZ,0x000F10F0,356,Code/gen_asm/d_000e5b30.asm,??0Gen_t_00631eb0_p12cd@@QAE@ABU0@@Z,NO-DEFINITION,
?d_000fb2e0@@YAXXZ,0x000FB2E0,212,Code/gen_asm/d_000f2fb0.asm,??0?$pair@$$CBUGen_t_004fc4b0_k4@@UGen_t_004fc4b0_p12cd@@@_STL@@QAE@ABU01@@Z,UNPARSEABLE,
?d_000fb4e0@@YAXXZ,0x000FB4E0,241,Code/gen_asm/d_000f2fb0.asm,?run@PopulateLobbyPlayerListboxShim@@SAXXZ,LOCATED,Code/GameEngine/Source/GameClient/GUI/GUICallbacks/PopulateLobbyPlayerListbox.cpp
?d_00108bf0@@YAXXZ,0x00108BF0,516,Code/gen_asm/d_00104e40.asm,?populateLadderList@BfmeQuickMatchLadderPanel@@QAEXXZ,NO-DEFINITION,
?d_0010b9c0@@YAXXZ,0x0010B9C0,150,Code/gen_asm/d_00104e40.asm,?updateNumPlayersOnline@@YAXXZ,UNPARSEABLE,
?d_00138960@@YAXXZ,0x00138960,129,Code/gen_asm/d_0012bdd0.asm,??0?$_STLP_alloc_proxy@PAU?$_Rb_tree_node@UGen_t_00539470_m4pod@@@_STL@@U12@V?$allocator@U?$_Rb_tree_node@UGen_t_00539470_m4pod@@@_STL@@@2@@_STL@@QAE@ABV?$allocator@U?$_Rb_tree_node@UGen_t_00539470_m4pod@@@_STL@@@1@PAU?$_Rb_tree_node@UGen_t_00539470_m4pod@@@1@@Z,UNPARSEABLE,
?d_0013a0c0@@YAXXZ,0x0013A0C0,175,Code/gen_asm/d_0012bdd0.asm,?reserve@?$basic_string@DV?$char_traits@D@_STL@@V?$allocator@D@2@@_STL@@QAEXI@Z,UNPARSEABLE,
?d_0014bc40@@YAXXZ,0x0014BC40,69,Code/gen_asm/d_0014af50.asm,??0?$_STLP_alloc_proxy@PAU?$_Rb_tree_node@U?$pair@$$CBGUGen_t_0054d5d0_m4cd@@@_STL@@@_STL@@U12@V?$allocator@U?$_Rb_tree_node@U?$pair@$$CBGUGen_t_0054d5d0_m4cd@@@_STL@@@_STL@@@2@@_STL@@QAE@ABV?$allocator@U?$_Rb_tree_node@U?$pair@$$CBGUGen_t_0054d5d0_m4cd@@@_STL@@@_STL@@@1@PAU?$_Rb_tree_node@U?$pair@$$CBGUGen_t_0054d5d0_m4cd@@@_STL@@@1@@Z,UNPARSEABLE,
?d_0015c0c0@@YAXXZ,0x0015C0C0,325,Code/gen_asm/d_00153d10.asm,??0?$_STLP_alloc_proxy@PAUGen_t_0055c530_m4pod@@U1@V?$allocator@UGen_t_0055c530_m4pod@@@_STL@@@_STL@@QAE@ABV?$allocator@UGen_t_0055c530_m4pod@@@1@PAUGen_t_0055c530_m4pod@@@Z,UNPARSEABLE,
?d_00172180@@YAXXZ,0x00172180,295,Code/gen_asm/d_0016f340.asm,??$_Construct@UGen_t_005758b0_p8cd@@U1@@_STL@@YAXPAUGen_t_005758b0_p8cd@@ABU1@@Z,UNPARSEABLE,
?d_00173fb0@@YAXXZ,0x00173FB0,402,Code/gen_asm/d_0016f340.asm,?_M_insert_overflow@?$vector@UGen_t_00574d30_p8pod@@V?$allocator@UGen_t_00574d30_p8pod@@@_STL@@@_STL@@IAEXPAUGen_t_00574d30_p8pod@@ABU3@ABU__false_type@2@I_N@Z,UNPARSEABLE,
?d_0017cae0@@YAXXZ,0x0017CAE0,1108,Code/gen_asm/d_00177320.asm,?_M_advance@?$_Deque_iterator_base@UGen_t_0057d0a0_p12cd@@@_STL@@QAEXH@Z,UNPARSEABLE,
?d_001834e0@@YAXXZ,0x001834E0,357,Code/gen_asm/d_00180810.asm,?clear@?$hashtable@U?$pair@$$CBHUGen_t_00583a40_p12cd@@@_STL@@HU?$hash@H@2@U?$_Select1st@U?$pair@$$CBHUGen_t_00583a40_p12cd@@@_STL@@@2@U?$equal_to@H@2@V?$allocator@U?$pair@$$CBHUGen_t_00583a40_p12cd@@@_STL@@@2@@_STL@@QAEXXZ,UNPARSEABLE,
?d_00187860@@YAXXZ,0x00187860,805,Code/gen_asm/d_00180810.asm,?equal_range@?$hashtable@U?$pair@$$CBHUGen_t_00587d20_m12pod@@@_STL@@HU?$hash@H@2@U?$_Select1st@U?$pair@$$CBHUGen_t_00587d20_m12pod@@@_STL@@@2@U?$equal_to@H@2@V?$allocator@U?$pair@$$CBHUGen_t_00587d20_m12pod@@@_STL@@@2@@_STL@@QAE?AU?$pair@U?$_Ht_iterator@U?$pair@$$CBHUGen_t_00587d20_m12pod@@@_STL@@U?$_Nonconst_traits@U?$pair@$$CBHUGen_t_00587d20_m12pod@@@_STL@@@2@HU?$hash@H@2@U?$_Select1st@U?$pair@$$CBHUGen_t_00587d20_m12pod@@@_STL@@@2@U?$equal_to@H@2@V?$allocator@U?$pair@$$CBHUGen_t_00587d20_m12pod@@@_STL@@@2@@_STL@@U12@@2@ABH@Z,UNPARSEABLE,
?d_0018f320@@YAXXZ,0x0018F320,173,Code/gen_asm/d_0018bdd0.asm,?erase@?$_Rb_tree@HU?$pair@$$CBHUGen_t_00594130_p12cd@@@_STL@@U?$_Select1st@U?$pair@$$CBHUGen_t_00594130_p12cd@@@_STL@@@2@U?$less@H@2@V?$allocator@U?$pair@$$CBHUGen_t_00594130_p12cd@@@_STL@@@2@@_STL@@QAEXU?$_Rb_tree_iterator@U?$pair@$$CBHUGen_t_00594130_p12cd@@@_STL@@U?$_Nonconst_traits@U?$pair@$$CBHUGen_t_00594130_p12cd@@@_STL@@@2@@2@0@Z,UNPARSEABLE,
?d_0018f660@@YAXXZ,0x0018F660,232,Code/gen_asm/d_0018bdd0.asm,??$_Construct@UGen_t_00595870_p12cd@@U1@@_STL@@YAXPAUGen_t_00595870_p12cd@@ABU1@@Z,UNPARSEABLE,
?d_0018f790@@YAXXZ,0x0018F790,120,Code/gen_asm/d_0018bdd0.asm,?equal_range@?$hashtable@U?$pair@$$CBHUGen_t_005908a0_m12pod@@@_STL@@HU?$hash@H@2@U?$_Select1st@U?$pair@$$CBHUGen_t_005908a0_m12pod@@@_STL@@@2@U?$equal_to@H@2@V?$allocator@U?$pair@$$CBHUGen_t_005908a0_m12pod@@@_STL@@@2@@_STL@@QAE?AU?$pair@U?$_Ht_iterator@U?$pair@$$CBHUGen_t_005908a0_m12pod@@@_STL@@U?$_Nonconst_traits@U?$pair@$$CBHUGen_t_005908a0_m12pod@@@_STL@@@2@HU?$hash@H@2@U?$_Select1st@U?$pair@$$CBHUGen_t_005908a0_m12pod@@@_STL@@@2@U?$equal_to@H@2@V?$allocator@U?$pair@$$CBHUGen_t_005908a0_m12pod@@@_STL@@@2@@_STL@@U12@@2@ABH@Z,UNPARSEABLE,
?d_00194210@@YAXXZ,0x00194210,212,Code/gen_asm/d_0018bdd0.asm,?_M_push_back_aux_v@?$deque@UGen_t_00595870_p12cd@@V?$allocator@UGen_t_00595870_p12cd@@@_STL@@@_STL@@IAEXABUGen_t_00595870_p12cd@@@Z,UNPARSEABLE,
?d_001b26d0@@YAXXZ,0x001B26D0,137,Code/gen_asm/d_001aba80.asm,??0?$_STLP_alloc_proxy@PAU?$_Rb_tree_node@U?$pair@$$CBVAsciiString@@VHotKey@@@_STL@@@_STL@@U12@V?$allocator@U?$_Rb_tree_node@U?$pair@$$CBVAsciiString@@VHotKey@@@_STL@@@_STL@@@2@@_STL@@QAE@ABV?$allocator@U?$_Rb_tree_node@U?$pair@$$CBVAsciiString@@VHotKey@@@_STL@@@_STL@@@1@PAU?$_Rb_tree_node@U?$pair@$$CBVAsciiString@@VHotKey@@@_STL@@@1@@Z,UNPARSEABLE,
?d_001b2a10@@YAXXZ,0x001B2A10,102,Code/gen_asm/d_001aba80.asm,??0?$pair@$$CBUGen_t_005b2c50_k4@@UGen_t_005b2c50_p12cd@@@_STL@@QAE@ABU01@@Z,UNPARSEABLE,
?d_001bbc50@@YAXXZ,0x001BBC50,1791,Code/gen_asm/d_001b5b40.asm,?next@CampaignGetNextMissionShim@@QAEPAVMission@@PAV2@@Z,NO-DEFINITION,
?d_001c5fa0@@YAXXZ,0x001C5FA0,216,Code/gen_asm/d_001bd560.asm,?_M_insert_overflow@?$vector@UGen_t_005c72e0_m4pod@@V?$allocator@UGen_t_005c72e0_m4pod@@@_STL@@@_STL@@IAEXPAUGen_t_005c72e0_m4pod@@ABU3@ABU__false_type@2@I_N@Z,UNPARSEABLE,
?d_001c9380@@YAXXZ,0x001C9380,215,Code/gen_asm/d_001c7e60.asm,?_M_advance@?$_Deque_iterator_base@UGen_t_005c9f70_p12cd@@@_STL@@QAEXH@Z,UNPARSEABLE,
?d_001c9b80@@YAXXZ,0x001C9B80,53,Code/gen_asm/d_001c7e60.asm,?erase@?$hashtable@U?$pair@$$CBHUGen_t_005caa30_p12cd@@@_STL@@HU?$hash@H@2@U?$_Select1st@U?$pair@$$CBHUGen_t_005caa30_p12cd@@@_STL@@@2@U?$equal_to@H@2@V?$allocator@U?$pair@$$CBHUGen_t_005caa30_p12cd@@@_STL@@@2@@_STL@@QAEXABU?$_Ht_iterator@U?$pair@$$CBHUGen_t_005caa30_p12cd@@@_STL@@U?$_Const_traits@U?$pair@$$CBHUGen_t_005caa30_p12cd@@@_STL@@@2@HU?$hash@H@2@U?$_Select1st@U?$pair@$$CBHUGen_t_005caa30_p12cd@@@_STL@@@2@U?$equal_to@H@2@V?$allocator@U?$pair@$$CBHUGen_t_005caa30_p12cd@@@_STL@@@2@@2@@Z,UNPARSEABLE,
?d_001f00a0@@YAXXZ,0x001F00A0,236,Code/gen_asm/d_001e7c30.asm,??$swap@V?$_STLP_alloc_proxy@PAU?$_List_node@UGen_t_005f0290_m12cd@@@_STL@@U12@V?$allocator@U?$_List_node@UGen_t_005f0290_m12cd@@@_STL@@@2@@_STL@@@_STL@@YAXAAV?$_STLP_alloc_proxy@PAU?$_List_node@UGen_t_005f0290_m12cd@@@_STL@@U12@V?$allocator@U?$_List_node@UGen_t_005f0290_m12cd@@@_STL@@@2@@0@0@Z,UNPARSEABLE,
?d_00205200@@YAXXZ,0x00205200,219,Code/gen_asm/d_00200420.asm,??0?$pair@$$CBUGen_t_00605630_k4@@UGen_t_00605630_p12cd@@@_STL@@QAE@ABU01@@Z,UNPARSEABLE,
?d_00206960@@YAXXZ,0x00206960,383,Code/gen_asm/d_00200420.asm,??0?$_STLP_alloc_proxy@PAUGen_t_00606b60_m4pod@@U1@V?$allocator@UGen_t_00606b60_m4pod@@@_STL@@@_STL@@QAE@ABV?$allocator@UGen_t_00606b60_m4pod@@@1@PAUGen_t_00606b60_m4pod@@@Z,UNPARSEABLE,
?d_00206cb0@@YAXXZ,0x00206CB0,657,Code/gen_asm/d_00200420.asm,?_M_advance@?$_Deque_iterator_base@UGen_t_00607090_p12cd@@@_STL@@QAEXH@Z,UNPARSEABLE,
?d_00208810@@YAXXZ,0x00208810,458,Code/gen_asm/d_00200420.asm,??0?$pair@$$CBUGen_t_00608af0_k4@@UGen_t_00608af0_p12cd@@@_STL@@QAE@ABU01@@Z,UNPARSEABLE,
?d_00210730@@YAXXZ,0x00210730,322,Code/gen_asm/d_0020eb40.asm,?clear@?$hashtable@U?$pair@$$CBHUGen_t_006129e0_p12cd@@@_STL@@HU?$hash@H@2@U?$_Select1st@U?$pair@$$CBHUGen_t_006129e0_p12cd@@@_STL@@@2@U?$equal_to@H@2@V?$allocator@U?$pair@$$CBHUGen_t_006129e0_p12cd@@@_STL@@@2@@_STL@@QAEXXZ,UNPARSEABLE,
?d_002109b0@@YAXXZ,0x002109B0,314,Code/gen_asm/d_0020eb40.asm,?equal_range@?$hashtable@U?$pair@$$CBHUGen_t_006114e0_m12pod@@@_STL@@HU?$hash@H@2@U?$_Select1st@U?$pair@$$CBHUGen_t_006114e0_m12pod@@@_STL@@@2@U?$equal_to@H@2@V?$allocator@U?$pair@$$CBHUGen_t_006114e0_m12pod@@@_STL@@@2@@_STL@@QAE?AU?$pair@U?$_Ht_iterator@U?$pair@$$CBHUGen_t_006114e0_m12pod@@@_STL@@U?$_Nonconst_traits@U?$pair@$$CBHUGen_t_006114e0_m12pod@@@_STL@@@2@HU?$hash@H@2@U?$_Select1st@U?$pair@$$CBHUGen_t_006114e0_m12pod@@@_STL@@@2@U?$equal_to@H@2@V?$allocator@U?$pair@$$CBHUGen_t_006114e0_m12pod@@@_STL@@@2@@_STL@@U12@@2@ABH@Z,UNPARSEABLE,
?d_00211a30@@YAXXZ,0x00211A30,17,Code/gen_asm/d_0020eb40.asm,?erase@?$hashtable@U?$pair@$$CBHUGen_t_006129b0_p12cd@@@_STL@@HU?$hash@H@2@U?$_Select1st@U?$pair@$$CBHUGen_t_006129b0_p12cd@@@_STL@@@2@U?$equal_to@H@2@V?$allocator@U?$pair@$$CBHUGen_t_006129b0_p12cd@@@_STL@@@2@@_STL@@QAEXABU?$_Ht_iterator@U?$pair@$$CBHUGen_t_006129b0_p12cd@@@_STL@@U?$_Const_traits@U?$pair@$$CBHUGen_t_006129b0_p12cd@@@_STL@@@2@HU?$hash@H@2@U?$_Select1st@U?$pair@$$CBHUGen_t_006129b0_p12cd@@@_STL@@@2@U?$equal_to@H@2@V?$allocator@U?$pair@$$CBHUGen_t_006129b0_p12cd@@@_STL@@@2@@2@@Z,UNPARSEABLE,
?d_00211a50@@YAXXZ,0x00211A50,601,Code/gen_asm/d_0020eb40.asm,?_M_skip_to_next@?$_Hashtable_iterator@U?$pair@QBVGameWindow@@PAVWindowVideo@@@_STL@@PBVGameWindow@@UhashConstGameWindowPtr@WindowVideoManager@@U?$_Select1st@U?$pair@QBVGameWindow@@PAVWindowVideo@@@_STL@@@2@U?$equal_to@PBVGameWindow@@@2@V?$allocator@U?$pair@QBVGameWindow@@PAVWindowVideo@@@_STL@@@2@@_STL@@QAEPAU?$_Hashtable_node@U?$pair@QBVGameWindow@@PAVWindowVideo@@@_STL@@@2@XZ,UNPARSEABLE,
?d_00212ec0@@YAXXZ,0x00212EC0,158,Code/gen_asm/d_0020eb40.asm,?_M_insert_overflow@?$vector@UGen_t_006143a0_m4pod@@V?$allocator@UGen_t_006143a0_m4pod@@@_STL@@@_STL@@IAEXPAUGen_t_006143a0_m4pod@@ABU3@ABU__false_type@2@I_N@Z,UNPARSEABLE,
?d_00213010@@YAXXZ,0x00213010,325,Code/gen_asm/d_0020eb40.asm,?_M_insert_overflow@?$vector@UGen_t_006143e0_m4pod@@V?$allocator@UGen_t_006143e0_m4pod@@@_STL@@@_STL@@IAEXPAUGen_t_006143e0_m4pod@@ABU3@ABU__false_type@2@I_N@Z,UNPARSEABLE,
?d_002131b0@@YAXXZ,0x002131B0,50,Code/gen_asm/d_0020eb40.asm,?clear@?$hashtable@U?$pair@$$CBHUGen_t_00614150_p12cd@@@_STL@@HU?$hash@H@2@U?$_Select1st@U?$pair@$$CBHUGen_t_00614150_p12cd@@@_STL@@@2@U?$equal_to@H@2@V?$allocator@U?$pair@$$CBHUGen_t_00614150_p12cd@@@_STL@@@2@@_STL@@QAEXXZ,UNPARSEABLE,
?d_00214620@@YAXXZ,0x00214620,30,Code/gen_asm/d_0020eb40.asm,?findAnimObject@BfmeLivingWorldManagerIcons@@QAEPAVBfmeLivingWorldAnimObject@@ABVAsciiString@@@Z,NO-DEFINITION,
?d_00216d90@@YAXXZ,0x00216D90,1138,Code/gen_asm/d_0020eb40.asm,?_M_insert_overflow@?$vector@UGen_t_00617d60_p16cd@@V?$allocator@UGen_t_00617d60_p16cd@@@_STL@@@_STL@@IAEXPAUGen_t_00617d60_p16cd@@ABU3@ABU__false_type@2@I_N@Z,UNPARSEABLE,
?d_002207f0@@YAXXZ,0x002207F0,37,Code/gen_asm/d_00218670.asm,?rva220840Callback@@YAXXZ,UNPARSEABLE,
?d_002256a0@@YAXXZ,0x002256A0,76,Code/gen_asm/d_00218670.asm,?erase@?$_Rb_tree@HU?$pair@$$CBHUGen_t_00625fe0_p12cd@@@_STL@@U?$_Select1st@U?$pair@$$CBHUGen_t_00625fe0_p12cd@@@_STL@@@2@U?$less@H@2@V?$allocator@U?$pair@$$CBHUGen_t_00625fe0_p12cd@@@_STL@@@2@@_STL@@QAEXU?$_Rb_tree_iterator@U?$pair@$$CBHUGen_t_00625fe0_p12cd@@@_STL@@U?$_Nonconst_traits@U?$pair@$$CBHUGen_t_00625fe0_p12cd@@@_STL@@@2@@2@0@Z,UNPARSEABLE,
?d_00225700@@YAXXZ,0x00225700,484,Code/gen_asm/d_00218670.asm,?equal_range@?$_Rb_tree@HU?$pair@$$CBHUGen_t_00625fe0_p12cd@@@_STL@@U?$_Select1st@U?$pair@$$CBHUGen_t_00625fe0_p12cd@@@_STL@@@2@U?$less@H@2@V?$allocator@U?$pair@$$CBHUGen_t_00625fe0_p12cd@@@_STL@@@2@@_STL@@QAE?AU?$pair@U?$_Rb_tree_iterator@U?$pair@$$CBHUGen_t_00625fe0_p12cd@@@_STL@@U?$_Nonconst_traits@U?$pair@$$CBHUGen_t_00625fe0_p12cd@@@_STL@@@2@@_STL@@U12@@2@ABH@Z,UNPARSEABLE,
?d_00226cf0@@YAXXZ,0x00226CF0,177,Code/gen_asm/d_00226cf0.asm,?OnError@DownloadManagerOnErrorShim@@QAEJH@Z,NO-DEFINITION,
?d_00226e50@@YAXXZ,0x00226E50,190,Code/gen_asm/d_00226cf0.asm,?OnStatusUpdate@DownloadManagerOnStatusUpdateShim@@QAEJH@Z,NO-DEFINITION,
?d_00227030@@YAXXZ,0x00227030,175,Code/gen_asm/d_00226cf0.asm,??0?$pair@$$CBUGen_t_006271a0_k4@@UGen_t_006271a0_p12cd@@@_STL@@QAE@ABU01@@Z,UNPARSEABLE,
?d_00227dc0@@YAXXZ,0x00227DC0,525,Code/gen_asm/d_00226cf0.asm,?GameSpyOpenOverlayShim@@YAXW4GSOverlayType@@@Z,UNPARSEABLE,
?d_0022e270@@YAXXZ,0x0022E270,165,Code/gen_asm/d_00226cf0.asm,?run@RefreshGameListBoxShim@@SAXPAVGameWindow@@_N@Z,LOCATED,Code/GameEngine/Source/GameClient/GUI/GUICallbacks/RefreshGameListBox.cpp
?d_0023e420@@YAXXZ,0x0023E420,365,Code/gen_asm/d_0023c310.asm,?run@BuddyThreadClassConnectCallbackShim@@QAEXPAVGPConnection@@PAUGPConnectResponseArg@@@Z,NO-DEFINITION,
?d_00241f10@@YAXXZ,0x00241F10,686,Code/gen_asm/d_0023c310.asm,?push_back_aux@DequePushBackAuxValueThunksShim@_STL@@QAEXPBX@Z,NO-DEFINITION,
?d_00245420@@YAXXZ,0x00245420,931,Code/gen_asm/d_002439f0.asm,?equal_range@?$_Rb_tree@GU?$pair@$$CBGH@_STL@@U?$_Select1st@U?$pair@$$CBGH@_STL@@@2@U?$less@G@2@V?$allocator@U?$pair@$$CBGH@_STL@@@2@@_STL@@QAE?AU?$pair@U?$_Rb_tree_iterator@U?$pair@$$CBGH@_STL@@U?$_Nonconst_traits@U?$pair@$$CBGH@_STL@@@2@@_STL@@U12@@2@ABG@Z,UNPARSEABLE,
?d_00247180@@YAXXZ,0x00247180,268,Code/gen_asm/d_002439f0.asm,??1?$pair@$$CBHUGen_t_00647ad0_p12cd@@@_STL@@QAE@XZ,UNPARSEABLE,
?d_0024cae0@@YAXXZ,0x0024CAE0,436,Code/gen_asm/d_002439f0.asm,?push@PeerResponseQueuePushShim@_STL@@QAEXPBX@Z,NO-DEFINITION,
?d_00252370@@YAXXZ,0x00252370,8,Code/gen_asm/d_0024e310.asm,??0?$_STLP_alloc_proxy@PAPAUGen_t_00653850_p12cd@@PAU1@V?$allocator@PAUGen_t_00653850_p12cd@@@_STL@@@_STL@@QAE@ABV?$allocator@PAUGen_t_00653850_p12cd@@@1@PAPAUGen_t_00653850_p12cd@@@Z,UNPARSEABLE,
?d_002523b0@@YAXXZ,0x002523B0,8,Code/gen_asm/d_0024e310.asm,??0?$_STLP_alloc_proxy@PAPAUGen_t_006538b0_p12cd@@PAU1@V?$allocator@PAUGen_t_006538b0_p12cd@@@_STL@@@_STL@@QAE@ABV?$allocator@PAUGen_t_006538b0_p12cd@@@1@PAPAUGen_t_006538b0_p12cd@@@Z,UNPARSEABLE,
?d_002551f0@@YAXXZ,0x002551F0,241,Code/gen_asm/d_0024e310.asm,?_M_erase@?$_Rb_tree@HU?$pair@$$CBHUGen_t_00656c40_p12cd@@@_STL@@U?$_Select1st@U?$pair@$$CBHUGen_t_00656c40_p12cd@@@_STL@@@2@U?$less@H@2@V?$allocator@U?$pair@$$CBHUGen_t_00656c40_p12cd@@@_STL@@@2@@_STL@@AAEXPAU?$_Rb_tree_node@U?$pair@$$CBHUGen_t_00656c40_p12cd@@@_STL@@@2@@Z,UNPARSEABLE,
?d_00256b70@@YAXXZ,0x00256B70,182,Code/gen_asm/d_0024e310.asm,?popFront@BFMENetworkQueue1PopFrontShim@@QAEXXZ,NO-DEFINITION,
?d_0025f220@@YAXXZ,0x0025F220,45,Code/gen_asm/d_0025aee0.asm,?_M_initialize_map@?$_Deque_base@UGen_t_0065f6f0_p12cd@@V?$allocator@UGen_t_0065f6f0_p12cd@@@_STL@@@_STL@@IAEXI@Z,UNPARSEABLE,
?d_0025f2d0@@YAXXZ,0x0025F2D0,806,Code/gen_asm/d_0025aee0.asm,?_M_initialize_map@?$_Deque_base@UGen_t_0065f750_p12cd@@V?$allocator@UGen_t_0065f750_p12cd@@@_STL@@@_STL@@IAEXI@Z,UNPARSEABLE,
?d_0025f900@@YAXXZ,0x0025F900,32,Code/gen_asm/d_0025aee0.asm,?_M_reallocate_map@?$deque@UGen_t_0065fd10_p12cd@@V?$allocator@UGen_t_0065fd10_p12cd@@@_STL@@@_STL@@IAEXI_N@Z,UNPARSEABLE,
?d_00261cc0@@YAXXZ,0x00261CC0,298,Code/gen_asm/d_0025aee0.asm,?processAck@Connection@@QAEPAVNetCommandRef@@GEI@Z,LOCATED,Code/GameEngine/Source/GameNetwork/Connection_processAck.cpp
?d_00267d00@@YAXXZ,0x00267D00,102,Code/gen_asm/d_00266ef0.asm,?_M_insert@?$_Rb_tree@GU?$pair@$$CBGUGen_t_00668440_m12pod@@@_STL@@U?$_Select1st@U?$pair@$$CBGUGen_t_00668440_m12pod@@@_STL@@@2@U?$less@G@2@V?$allocator@U?$pair@$$CBGUGen_t_00668440_m12pod@@@_STL@@@2@@_STL@@AAE?AU?$_Rb_tree_iterator@U?$pair@$$CBGUGen_t_00668440_m12pod@@@_STL@@U?$_Nonconst_traits@U?$pair@$$CBGUGen_t_00668440_m12pod@@@_STL@@@2@@2@PAU_Rb_tree_node_base@2@0ABU?$pair@$$CBGUGen_t_00668440_m12pod@@@2@0@Z,UNPARSEABLE,
?d_002683d0@@YAXXZ,0x002683D0,745,Code/gen_asm/d_00266ef0.asm,?insert_unique@?$_Rb_tree@GU?$pair@$$CBGH@_STL@@U?$_Select1st@U?$pair@$$CBGH@_STL@@@2@U?$less@G@2@V?$allocator@U?$pair@$$CBGH@_STL@@@2@@_STL@@QAE?AU?$_Rb_tree_iterator@U?$pair@$$CBGH@_STL@@U?$_Nonconst_traits@U?$pair@$$CBGH@_STL@@@2@@2@U32@ABU?$pair@$$CBGH@2@@Z,UNPARSEABLE,
?d_002687f0@@YAXXZ,0x002687F0,89,Code/gen_asm/d_00266ef0.asm,?insert_unique@?$_Rb_tree@GU?$pair@$$CBGUGen_t_00668a90_m12pod@@@_STL@@U?$_Select1st@U?$pair@$$CBGUGen_t_00668a90_m12pod@@@_STL@@@2@U?$less@G@2@V?$allocator@U?$pair@$$CBGUGen_t_00668a90_m12pod@@@_STL@@@2@@_STL@@QAE?AU?$pair@U?$_Rb_tree_iterator@U?$pair@$$CBGUGen_t_00668a90_m12pod@@@_STL@@U?$_Nonconst_traits@U?$pair@$$CBGUGen_t_00668a90_m12pod@@@_STL@@@2@@_STL@@_N@2@ABU?$pair@$$CBGUGen_t_00668a90_m12pod@@@2@@Z,UNPARSEABLE,
?d_0026b870@@YAXXZ,0x0026B870,48,Code/gen_asm/d_00266ef0.asm,?processDisconnectScreenOff@DisconnectManager@@IAEXPAVNetCommandMsg@@PAVConnectionManager@@@Z,LOCATED,Code/GameEngine/Source/GameNetwork/DisconnectManager.cpp
?d_0026eed0@@YAXXZ,0x0026EED0,289,Code/gen_asm/d_00266ef0.asm,?begin@FirewallHelperDetectionBeginUpdateShim@@QAE_NXZ,NO-DEFINITION,
?d_00274e30@@YAXXZ,0x00274E30,3472,Code/gen_asm/d_00272800.asm,?setText1C@BFMENetRequestGameSpyStatsAuthKeyCommandMsg@@QAEXVAsciiString@@@Z,LOCATED,Code/GameEngine/Source/GameNetwork/NetCommandMsg_text.cpp
?d_00279640@@YAXXZ,0x00279640,32,Code/gen_asm/d_00278950.asm,??0NetPacket@@QAE@XZ,AMBIGUOUS(2),Code/GameEngine/Source/GameNetwork/NetPacket.cpp;Code/GameEngine/Source/GameNetwork/NetPacket_init.cpp
?d_0027a5e0@@YAXXZ,0x0027A5E0,348,Code/gen_asm/d_00278950.asm,?addFileProgressCommand@NetPacket@@IAE_NPAVNetCommandRef@@@Z,LOCATED,Code/GameEngine/Source/GameNetwork/NetPacket.cpp
?d_0027a7a0@@YAXXZ,0x0027A7A0,1083,Code/gen_asm/d_00278950.asm,?addWrapperCommand@NetPacket@@IAE_NPAVNetCommandRef@@@Z,LOCATED,Code/GameEngine/Source/GameNetwork/NetPacket.cpp
?d_0027acf0@@YAXXZ,0x0027ACF0,263,Code/gen_asm/d_00278950.asm,?addTimeOutGameStartMessage@NetPacket@@IAE_NPAVNetCommandRef@@@Z,LOCATED,Code/GameEngine/Source/GameNetwork/NetPacket.cpp
?d_0027af40@@YAXXZ,0x0027AF40,146,Code/gen_asm/d_00278950.asm,?addLoadCompleteMessage@NetPacket@@IAE_NPAVNetCommandRef@@@Z,LOCATED,Code/GameEngine/Source/GameNetwork/NetPacket.cpp
?d_0027b000@@YAXXZ,0x0027B000,738,Code/gen_asm/d_00278950.asm,?addProgressMessage@NetPacket@@IAE_NPAVNetCommandRef@@@Z,LOCATED,Code/GameEngine/Source/GameNetwork/NetPacket.cpp
?d_0027bd90@@YAXXZ,0x0027BD90,362,Code/gen_asm/d_00278950.asm,?addDestroyPlayerCommand@NetPacket@@IAE_NPAVNetCommandRef@@@Z,LOCATED,Code/GameEngine/Source/GameNetwork/NetPacket.cpp
?d_0027cf60@@YAXXZ,0x0027CF60,972,Code/gen_asm/d_00278950.asm,??0?$_STLP_alloc_proxy@PAU?$_List_node@UGen_t_0067edd0_m4cd@@@_STL@@U12@V?$allocator@U?$_List_node@UGen_t_0067edd0_m4cd@@@_STL@@@2@@_STL@@QAE@ABV?$allocator@U?$_List_node@UGen_t_0067edd0_m4cd@@@_STL@@@1@PAU?$_List_node@UGen_t_0067edd0_m4cd@@@1@@Z,UNPARSEABLE,
?d_0027de90@@YAXXZ,0x0027DE90,71,Code/gen_asm/d_0027db50.asm,?addAckCommand@NetPacket@@IAE_NPAVNetCommandRef@@GE@Z,LOCATED,Code/GameEngine/Source/GameNetwork/NetPacket.cpp
?d_0027fed0@@YAXXZ,0x0027FED0,105,Code/gen_asm/d_0027db50.asm,?addChatCommand@NetPacket@@IAE_NPAVNetCommandRef@@@Z,LOCATED,Code/GameEngine/Source/GameNetwork/NetPacket.cpp
?d_002802d0@@YAXXZ,0x002802D0,15,Code/gen_asm/d_0027db50.asm,?addAckStage1Command@NetPacket@@IAE_NPAVNetCommandRef@@@Z,LOCATED,Code/GameEngine/Source/GameNetwork/NetPacket.cpp
?d_00283460@@YAXXZ,0x00283460,134,Code/gen_asm/d_0027db50.asm,?send@TransportDoSendShim@@QAE_NXZ,NO-DEFINITION,
?d_00284810@@YAXXZ,0x00284810,362,Code/gen_asm/d_0027db50.asm,?bind@UDPBindShim@@QAEHIG@Z,NO-DEFINITION,
?d_00291bd0@@YAXXZ,0x00291BD0,194,Code/gen_asm/d_0028fdf0.asm,??0?$_STLP_alloc_proxy@PAU?$_List_node@UGen_t_00692060_m4cd@@@_STL@@U12@V?$allocator@U?$_List_node@UGen_t_00692060_m4cd@@@_STL@@@2@@_STL@@QAE@ABV?$allocator@U?$_List_node@UGen_t_00692060_m4cd@@@_STL@@@1@PAU?$_List_node@UGen_t_00692060_m4cd@@@1@@Z,UNPARSEABLE,
?d_00291cd0@@YAXXZ,0x00291CD0,188,Code/gen_asm/d_0028fdf0.asm,??0?$_STLP_alloc_proxy@PAU?$_Rb_tree_node@U?$pair@$$CBGUGen_t_00692150_m4cd@@@_STL@@@_STL@@U12@V?$allocator@U?$_Rb_tree_node@U?$pair@$$CBGUGen_t_00692150_m4cd@@@_STL@@@_STL@@@2@@_STL@@QAE@ABV?$allocator@U?$_Rb_tree_node@U?$pair@$$CBGUGen_t_00692150_m4cd@@@_STL@@@_STL@@@1@PAU?$_Rb_tree_node@U?$pair@$$CBGUGen_t_00692150_m4cd@@@_STL@@@1@@Z,UNPARSEABLE,
?d_0029bd80@@YAXXZ,0x0029BD80,74,Code/gen_asm/d_0028fdf0.asm,??0?$_STLP_alloc_proxy@PAU?$_List_node@UGen_t_0069e2d0_m4cd@@@_STL@@U12@V?$allocator@U?$_List_node@UGen_t_0069e2d0_m4cd@@@_STL@@@2@@_STL@@QAE@ABV?$allocator@U?$_List_node@UGen_t_0069e2d0_m4cd@@@_STL@@@1@PAU?$_List_node@UGen_t_0069e2d0_m4cd@@@1@@Z,UNPARSEABLE,
?d_0029cc50@@YAXXZ,0x0029CC50,19,Code/gen_asm/d_0029c7b0.asm,??$__copy@U?$_Deque_iterator@HU?$_Const_traits@H@_STL@@@_STL@@U?$_Deque_iterator@HU?$_Nonconst_traits@H@_STL@@@2@H@_STL@@YA?AU?$_Deque_iterator@HU?$_Nonconst_traits@H@_STL@@@0@U?$_Deque_iterator@HU?$_Const_traits@H@_STL@@@0@0U10@ABUrandom_access_iterator_tag@0@PAH@Z,UNPARSEABLE,
?d_002a03e0@@YAXXZ,0x002A03E0,79,Code/gen_asm/d_0029c7b0.asm,?begin@?$hashtable@U?$pair@$$CBHUGen_t_006a3800_m12pod@@@_STL@@HU?$hash@H@2@U?$_Select1st@U?$pair@$$CBHUGen_t_006a3800_m12pod@@@_STL@@@2@U?$equal_to@H@2@V?$allocator@U?$pair@$$CBHUGen_t_006a3800_m12pod@@@_STL@@@2@@_STL@@QAE?AU?$_Ht_iterator@U?$pair@$$CBHUGen_t_006a3800_m12pod@@@_STL@@U?$_Nonconst_traits@U?$pair@$$CBHUGen_t_006a3800_m12pod@@@_STL@@@2@HU?$hash@H@2@U?$_Select1st@U?$pair@$$CBHUGen_t_006a3800_m12pod@@@_STL@@@2@U?$equal_to@H@2@V?$allocator@U?$pair@$$CBHUGen_t_006a3800_m12pod@@@_STL@@@2@@2@XZ,UNPARSEABLE,
?d_002a0ad0@@YAXXZ,0x002A0AD0,78,Code/gen_asm/d_0029c7b0.asm,?erase@?$hashtable@U?$pair@$$CBHUGen_t_006a3b20_p12cd@@@_STL@@HU?$hash@H@2@U?$_Select1st@U?$pair@$$CBHUGen_t_006a3b20_p12cd@@@_STL@@@2@U?$equal_to@H@2@V?$allocator@U?$pair@$$CBHUGen_t_006a3b20_p12cd@@@_STL@@@2@@_STL@@QAEXABU?$_Ht_iterator@U?$pair@$$CBHUGen_t_006a3b20_p12cd@@@_STL@@U?$_Const_traits@U?$pair@$$CBHUGen_t_006a3b20_p12cd@@@_STL@@@2@HU?$hash@H@2@U?$_Select1st@U?$pair@$$CBHUGen_t_006a3b20_p12cd@@@_STL@@@2@U?$equal_to@H@2@V?$allocator@U?$pair@$$CBHUGen_t_006a3b20_p12cd@@@_STL@@@2@@2@@Z,UNPARSEABLE,
?d_002a0d90@@YAXXZ,0x002A0D90,781,Code/gen_asm/d_0029c7b0.asm,?erase@?$hashtable@U?$pair@$$CBHUGen_t_006a3cc0_p12cd@@@_STL@@HU?$hash@H@2@U?$_Select1st@U?$pair@$$CBHUGen_t_006a3cc0_p12cd@@@_STL@@@2@U?$equal_to@H@2@V?$allocator@U?$pair@$$CBHUGen_t_006a3cc0_p12cd@@@_STL@@@2@@_STL@@QAEXABU?$_Ht_iterator@U?$pair@$$CBHUGen_t_006a3cc0_p12cd@@@_STL@@U?$_Const_traits@U?$pair@$$CBHUGen_t_006a3cc0_p12cd@@@_STL@@@2@HU?$hash@H@2@U?$_Select1st@U?$pair@$$CBHUGen_t_006a3cc0_p12cd@@@_STL@@@2@U?$equal_to@H@2@V?$allocator@U?$pair@$$CBHUGen_t_006a3cc0_p12cd@@@_STL@@@2@@2@@Z,UNPARSEABLE,
?d_002a3b40@@YAXXZ,0x002A3B40,1009,Code/gen_asm/d_0029c7b0.asm,?insert_overflow@ModelConditionInfoHideShowSubObjInfoInsertOverflowShim@_STL@@QAEXPAUHideShowSubObjInfo@ModelConditionInfo@@ABU34@ABU__false_type@2@I_N@Z,NO-DEFINITION,
?d_002a71e0@@YAXXZ,0x002A71E0,681,Code/gen_asm/d_002a7010.asm,?_M_insert_overflow@?$vector@UGen_t_006aadf0_p8pod@@V?$allocator@UGen_t_006aadf0_p8pod@@@_STL@@@_STL@@IAEXPAUGen_t_006aadf0_p8pod@@ABU3@ABU__false_type@2@I_N@Z,UNPARSEABLE,
?d_002a7540@@YAXXZ,0x002A7540,232,Code/gen_asm/d_002a7010.asm,?erase@?$_Rb_tree@UGen_t_006af670_k4@@U?$pair@$$CBUGen_t_006af670_k4@@UGen_t_006af670_p12cd@@@_STL@@U?$_Select1st@U?$pair@$$CBUGen_t_006af670_k4@@UGen_t_006af670_p12cd@@@_STL@@@3@U?$less@UGen_t_006af670_k4@@@3@V?$allocator@U?$pair@$$CBUGen_t_006af670_k4@@UGen_t_006af670_p12cd@@@_STL@@@3@@_STL@@QAEXU?$_Rb_tree_iterator@U?$pair@$$CBUGen_t_006af670_k4@@UGen_t_006af670_p12cd@@@_STL@@U?$_Nonconst_traits@U?$pair@$$CBUGen_t_006af670_k4@@UGen_t_006af670_p12cd@@@_STL@@@2@@2@0@Z,UNPARSEABLE,
?d_002a7d20@@YAXXZ,0x002A7D20,105,Code/gen_asm/d_002a7010.asm,?clear@?$hashtable@U?$pair@$$CBHUGen_t_006aad10_p12cd@@@_STL@@HU?$hash@H@2@U?$_Select1st@U?$pair@$$CBHUGen_t_006aad10_p12cd@@@_STL@@@2@U?$equal_to@H@2@V?$allocator@U?$pair@$$CBHUGen_t_006aad10_p12cd@@@_STL@@@2@@_STL@@QAEXXZ,UNPARSEABLE,
?d_002be060@@YAXXZ,0x002BE060,220,Code/gen_asm/d_002baa40.asm,??0TerrainLogic@@QAE@XZ,LOCATED,Code/GameEngine/Source/GameLogic/Map/TerrainLogic.cpp
?d_002c07e0@@YAXXZ,0x002C07E0,1106,Code/gen_asm/d_002baa40.asm,?findFormat@@YA?AW4WW3DFormat@@QBW41@@Z,UNPARSEABLE,
?d_002c38b0@@YAXXZ,0x002C38B0,578,Code/gen_asm/d_002c38b0.asm,?build@W3DRadarBuildTerrainTextureShim@@QAEXPAVTerrainLogic@@@Z,NO-DEFINITION,
?d_002d9f30@@YAXXZ,0x002D9F30,70,Code/gen_asm/d_002cf8c0.asm,?loadBridgesInVertexAndIndexBuffers@W3DBridgeBufferLoadBridgesShim@@QAEXPAV?$RefMultiListIterator@VRenderObjClass@@@@@Z,UNPARSEABLE,
?d_002ee720@@YAXXZ,0x002EE720,78,Code/gen_asm/d_002ee290.asm,??0?$pair@$$CBUGen_t_006ef760_k4@@UGen_t_006ef760_p12cd@@@_STL@@QAE@ABU01@@Z,UNPARSEABLE,
?d_002f6330@@YAXXZ,0x002F6330,149,Code/gen_asm/d_002f6330.asm,?set@GameFileSetNameShim@@QAEPBDPBD@Z,NO-DEFINITION,
?d_002f8150@@YAXXZ,0x002F8150,121,Code/gen_asm/d_002f6330.asm,??0?$_STLP_alloc_proxy@PAU?$_List_node@UGen_t_006f89a0_m4cd@@@_STL@@U12@V?$allocator@U?$_List_node@UGen_t_006f89a0_m4cd@@@_STL@@@2@@_STL@@QAE@ABV?$allocator@U?$_List_node@UGen_t_006f89a0_m4cd@@@_STL@@@1@PAU?$_List_node@UGen_t_006f89a0_m4cd@@@1@@Z,UNPARSEABLE,
?d_002f9ff0@@YAXXZ,0x002F9FF0,588,Code/gen_asm/d_002f6330.asm,??0?$_STLP_alloc_proxy@PAUGen_t_006fa350_m4pod@@U1@V?$allocator@UGen_t_006fa350_m4pod@@@_STL@@@_STL@@QAE@ABV?$allocator@UGen_t_006fa350_m4pod@@@1@PAUGen_t_006fa350_m4pod@@@Z,UNPARSEABLE,
?d_002fa2d0@@YAXXZ,0x002FA2D0,417,Code/gen_asm/d_002f6330.asm,?destroy@AsciiStringDestroyAuxShim@_STL@@SAXPAX0ABU__false_type@2@@Z,LOCATED,Code/GameEngine/Source/Common/System/AsciiStringDestroyAux.cpp
?d_002fa7c0@@YAXXZ,0x002FA7C0,386,Code/gen_asm/d_002f6330.asm,?insert_overflow@VideoInsertOverflowShim@_STL@@QAEXPAUVideo@@ABU3@ABU__false_type@2@I_N@Z,NO-DEFINITION,
?d_0034db40@@YAXXZ,0x0034DB40,215,Code/gen_asm/d_003492a0.asm,?_M_insert_overflow@?$vector@UGen_t_0074e320_p16pod@@V?$allocator@UGen_t_0074e320_p16pod@@@_STL@@@_STL@@IAEXPAUGen_t_0074e320_p16pod@@ABU3@ABU__false_type@2@I_N@Z,UNPARSEABLE,
?d_003550f0@@YAXXZ,0x003550F0,107,Code/gen_asm/d_003492a0.asm,?copy@VideoCopyShim@_STL@@SAPAUVideo@@PAU3@00ABUrandom_access_iterator_tag@2@PAH@Z,LOCATED,Code/GameEngine/Source/GameClient/VideoCopy.cpp
?d_003592a0@@YAXXZ,0x003592A0,108,Code/gen_asm/d_003492a0.asm,??0W3DFloorDrawBase@@QAE@PAVThing@@PBVModuleData@@@Z,NO-DEFINITION,
?d_0035d9b0@@YAXXZ,0x0035D9B0,662,Code/gen_asm/d_0035aa50.asm,??0?$_STLP_alloc_proxy@PAUGen_t_00760c70_m4pod@@U1@V?$allocator@UGen_t_00760c70_m4pod@@@_STL@@@_STL@@QAE@ABV?$allocator@UGen_t_00760c70_m4pod@@@1@PAUGen_t_00760c70_m4pod@@@Z,UNPARSEABLE,
?d_0035e8b0@@YAXXZ,0x0035E8B0,624,Code/gen_asm/d_0035aa50.asm,??$__copy_backward@PAUGen_t_00761540_p128pod@@PAU1@H@_STL@@YAPAUGen_t_00761540_p128pod@@PAU1@00ABUrandom_access_iterator_tag@0@PAH@Z,UNPARSEABLE,
?d_0035ee50@@YAXXZ,0x0035EE50,23,Code/gen_asm/d_0035aa50.asm,??$__copy_backward@PAUGen_t_00761630_p128pod@@PAU1@H@_STL@@YAPAUGen_t_00761630_p128pod@@PAU1@00ABUrandom_access_iterator_tag@0@PAH@Z,UNPARSEABLE,
?d_00361030@@YAXXZ,0x00361030,428,Code/gen_asm/d_0035aa50.asm,??0?$_STLP_alloc_proxy@PAUGen_t_00764af0_m4pod@@U1@V?$allocator@UGen_t_00764af0_m4pod@@@_STL@@@_STL@@QAE@ABV?$allocator@UGen_t_00764af0_m4pod@@@1@PAUGen_t_00764af0_m4pod@@@Z,UNPARSEABLE,
?d_00361b30@@YAXXZ,0x00361B30,373,Code/gen_asm/d_0035aa50.asm,?copy@ModuleInfoNuggetConstCopyShim@_STL@@SAPAXPAX00ABUrandom_access_iterator_tag@2@PAH@Z,LOCATED,Code/GameEngine/Source/Common/Thing/ModuleInfoNuggetConstCopyThunk.cpp
?d_003624e0@@YAXXZ,0x003624E0,84,Code/gen_asm/d_0035aa50.asm,?updateSubObjectsFromShroud@W3DModelDraw@@AAEXXZ,NO-DEFINITION,
?d_00365520@@YAXXZ,0x00365520,63,Code/gen_asm/d_00363b80.asm,?equal_range@?$hashtable@U?$pair@$$CBHUGen_t_00768ac0_m12pod@@@_STL@@HU?$hash@H@2@U?$_Select1st@U?$pair@$$CBHUGen_t_00768ac0_m12pod@@@_STL@@@2@U?$equal_to@H@2@V?$allocator@U?$pair@$$CBHUGen_t_00768ac0_m12pod@@@_STL@@@2@@_STL@@QAE?AU?$pair@U?$_Ht_iterator@U?$pair@$$CBHUGen_t_00768ac0_m12pod@@@_STL@@U?$_Nonconst_traits@U?$pair@$$CBHUGen_t_00768ac0_m12pod@@@_STL@@@2@HU?$hash@H@2@U?$_Select1st@U?$pair@$$CBHUGen_t_00768ac0_m12pod@@@_STL@@@2@U?$equal_to@H@2@V?$allocator@U?$pair@$$CBHUGen_t_00768ac0_m12pod@@@_STL@@@2@@_STL@@U12@@2@ABH@Z,UNPARSEABLE,
?d_00365570@@YAXXZ,0x00365570,149,Code/gen_asm/d_00363b80.asm,??$__copy_backward@PAUGen_t_00768e30_p128pod@@PAU1@H@_STL@@YAPAUGen_t_00768e30_p128pod@@PAU1@00ABUrandom_access_iterator_tag@0@PAH@Z,UNPARSEABLE,
?d_00369120@@YAXXZ,0x00369120,91,Code/gen_asm/d_00363b80.asm,??$_M_allocate_and_copy@PAUGen_t_007709c0_p24cd@@@?$vector@UGen_t_007709c0_p24cd@@V?$allocator@UGen_t_007709c0_p24cd@@@_STL@@@_STL@@IAEPAUGen_t_007709c0_p24cd@@IPAU2@0@Z,UNPARSEABLE,
?d_0036aa80@@YAXXZ,0x0036AA80,582,Code/gen_asm/d_00363b80.asm,?copy@UnsignedPairTreeCopyShim@_STL@@QAEPAU?$_Rb_tree_node@U?$pair@$$CBGE@_STL@@@2@PAU32@0@Z,UNPARSEABLE,
?d_0036b000@@YAXXZ,0x0036B000,50,Code/gen_asm/d_00363b80.asm,?copy@ModuleInfoNuggetUninitializedCopyShim@_STL@@SAPAXPAX00ABU__false_type@2@@Z,LOCATED,Code/GameEngine/Source/Common/Thing/ModuleInfoNuggetUninitializedCopyThunk.cpp
?d_0036b330@@YAXXZ,0x0036B330,169,Code/gen_asm/d_00363b80.asm,?allocate_and_copy@ModuleInfoNuggetAllocateAndCopyShim@_STL@@QAEPAUNugget@ModuleInfo@@IPBU34@0@Z,NO-DEFINITION,
?d_0036b410@@YAXXZ,0x0036B410,45,Code/gen_asm/d_00363b80.asm,??$_M_insert_dispatch@U?$_List_iterator@UGen_t_0076d6e0_m12cd@@U?$_Const_traits@UGen_t_0076d6e0_m12cd@@@_STL@@@_STL@@@?$list@UGen_t_0076d6e0_m12cd@@V?$allocator@UGen_t_0076d6e0_m12cd@@@_STL@@@_STL@@QAEXU?$_List_iterator@UGen_t_0076d6e0_m12cd@@U?$_Nonconst_traits@UGen_t_0076d6e0_m12cd@@@_STL@@@1@U?$_List_iterator@UGen_t_0076d6e0_m12cd@@U?$_Const_traits@UGen_t_0076d6e0_m12cd@@@_STL@@@1@1ABU__false_type@1@@Z,UNPARSEABLE,
?d_00370de0@@YAXXZ,0x00370DE0,541,Code/gen_asm/d_0036ed40.asm,?copy@ModuleInfoNuggetCopyShim@_STL@@SAPAUNugget@ModuleInfo@@PAU34@00ABUrandom_access_iterator_tag@2@PAH@Z,LOCATED,Code/GameEngine/Source/Common/Thing/ModuleInfoNuggetCopyThunk.cpp
?d_00371b00@@YAXXZ,0x00371B00,419,Code/gen_asm/d_0036ed40.asm,?_M_insert_overflow@?$vector@UGen_t_00774250_p24cd@@V?$allocator@UGen_t_00774250_p24cd@@@_STL@@@_STL@@IAEXPAUGen_t_00774250_p24cd@@ABU3@ABU__false_type@2@I_N@Z,UNPARSEABLE,
?d_00373220@@YAXXZ,0x00373220,621,Code/gen_asm/d_0036ed40.asm,??0W3DScriptedModelDraw@@QAE@PAVThing@@PBVModuleData@@@Z,NO-DEFINITION,
?d_00374420@@YAXXZ,0x00374420,386,Code/gen_asm/d_0036ed40.asm,?_M_insert_overflow@?$vector@UGen_t_00776080_p32cd@@V?$allocator@UGen_t_00776080_p32cd@@@_STL@@@_STL@@IAEXPAUGen_t_00776080_p32cd@@ABU3@ABU__false_type@2@I_N@Z,UNPARSEABLE,
?d_00374800@@YAXXZ,0x00374800,166,Code/gen_asm/d_0036ed40.asm,??$__copy_backward@PAUGen_t_00776240_p128pod@@PAU1@H@_STL@@YAPAUGen_t_00776240_p128pod@@PAU1@00ABUrandom_access_iterator_tag@0@PAH@Z,UNPARSEABLE,
?d_0037adc0@@YAXXZ,0x0037ADC0,237,Code/gen_asm/d_00377550.asm,?insert_overflow@NuggetInsertOverflowShim@_STL@@QAEXPAUNugget@ModuleInfo@@ABU34@ABU__false_type@2@I_N@Z,NO-DEFINITION,
?d_0037cd70@@YAXXZ,0x0037CD70,214,Code/gen_asm/d_00377550.asm,??0W3DSupplyDrawModuleDataBase@@QAE@XZ,NO-DEFINITION,
?d_00386de0@@YAXXZ,0x00386DE0,425,Code/gen_asm/d_00384fd0.asm,?_M_insert_overflow@?$vector@UGen_t_00787d40_m4pod@@V?$allocator@UGen_t_00787d40_m4pod@@@_STL@@@_STL@@IAEXPAUGen_t_00787d40_m4pod@@ABU3@ABU__false_type@2@I_N@Z,UNPARSEABLE,
?d_0038f7b0@@YAXXZ,0x0038F7B0,2335,Code/gen_asm/d_00384fd0.asm,?drawCheckBoxText@@YAXPAVGameWindow@@PAVWinInstanceData@@@Z,UNPARSEABLE,
?d_00396b00@@YAXXZ,0x00396B00,451,Code/gen_asm/d_00390400.asm,?drawStaticTextText@@YAXPAVGameWindow@@PAVWinInstanceData@@HH@Z,UNPARSEABLE,
?d_003a13e0@@YAXXZ,0x003A13E0,84,Code/gen_asm/d_003a04a0.asm,?enableWaterGrid@WaterRenderObjClassEnableWaterGridShim@@QAEX_N@Z,NO-DEFINITION,
?d_003c1930@@YAXXZ,0x003C1930,231,Code/gen_asm/d_003b8450.asm,??1W3DShadowHelperManager@@QAE@XZ,LOCATED,Code/GameEngineDevice/Source/W3DDevice/GameClient/Shadow/W3DShadowHelperManagerDtor.cpp
?d_003ea570@@YAXXZ,0x003EA570,775,Code/gen_asm/d_003e5ca0.asm,?m@T_007ea5e0@@QAEXXZ,NO-DEFINITION,
?d_003eac00@@YAXXZ,0x003EAC00,91,Code/gen_asm/d_003e5ca0.asm,?m@T_007eac30@@QAEXXZ,NO-DEFINITION,
?d_003ffb50@@YAXXZ,0x003FFB50,2139,Code/gen_asm/d_003fbbc0.asm,??1Gen_dtor_007f6d20@@UAE@XZ,NO-DEFINITION,
?d_00425420@@YAXXZ,0x00425420,307,Code/gen_asm/d_00421830.asm,??1Gen_dtor_00823150@@UAE@XZ,NO-DEFINITION,
?d_00425c90@@YAXXZ,0x00425C90,342,Code/gen_asm/d_00421830.asm,??1Gen_uwm_00825d70@@QAE@XZ,NO-DEFINITION,
?d_00425e40@@YAXXZ,0x00425E40,94,Code/gen_asm/d_00421830.asm,?makeSortedTmp@HuffStat@@IAEHPAUHuffStatTmpStruct@@@Z,LOCATED,Code/Libraries/Source/Compression/LZHCompress/CompLibSource/Huff.cpp
?d_0042a270@@YAXXZ,0x0042A270,3002,Code/gen_asm/d_00421830.asm,?_M_release_lock@NodeAllocMutex@_STL@@QAEXXZ,NO-DEFINITION,
?d_0042c980@@YAXXZ,0x0042C980,401,Code/gen_asm/d_0042c460.asm,?_Rebalance@?$_Rb_global@_N@_STL@@SAXPAU_Rb_tree_node_base@2@AAPAU32@@Z,UNPARSEABLE,
?d_0042d8e0@@YAXXZ,0x0042D8E0,356,Code/gen_asm/d_0042c460.asm,?_M_acquire_lock@NodeAllocMutex@_STL@@QAEXXZ,NO-DEFINITION,
?d_00439560@@YAXXZ,0x00439560,978,Code/gen_asm/d_00435170.asm,?reserve@?$basic_string@GV?$char_traits@G@_STL@@V?$allocator@G@2@@_STL@@QAEXI@Z,UNPARSEABLE,
?d_004408a0@@YAXXZ,0x004408A0,179,Code/gen_asm/d_00435170.asm,??1Gen_dtor_008325a0@@UAE@XZ,NO-DEFINITION,
?d_00448ad0@@YAXXZ,0x00448AD0,145,Code/gen_asm/d_00448a60.asm,??1Gen_dtor_00848be0@@UAE@XZ,NO-DEFINITION,
?d_004498d0@@YAXXZ,0x004498D0,302,Code/gen_asm/d_00448a60.asm,??1Gen_dtor_00849af0@@UAE@XZ,NO-DEFINITION,
?d_00451e90@@YAXXZ,0x00451E90,164,Code/gen_asm/d_00448a60.asm,?parseFXList@INI@@SAXPAV1@PAX1PBX@Z,AMBIGUOUS(6),Code/GameEngine/Source/Common/DamageFX.cpp;Code/GameEngine/Source/GameLogic/Object/Weapon.cpp;Code/GameEngine/Source/GameLogic/Object/Update/StructureToppleUpdate.cpp;Code/GameEngine/Source/GameClient/System/FXParticleSystem/fx_particle_system_bulk.cpp
?d_004525b0@@YAXXZ,0x004525B0,152,Code/gen_asm/d_00448a60.asm,?scanInt@INI@@SAHPBD@Z,AMBIGUOUS(12),Code/GameEngineDevice/Source/W3DDevice/GameClient/Drawable/Draw/W3DModelDraw.cpp;Code/GameEngine/Source/Common/GarrisonContainModuleData_parseInitialRoster_Thunk.cpp;Code/GameEngine/Source/GameLogic/Object/DeliverPayloadNugget_parsePayload_Thunk.cpp;Code/GameEngine/Source/GameLogic/Object/Weapon.cpp
?d_004527c0@@YAXXZ,0x004527C0,130,Code/gen_asm/d_00448a60.asm,?clear@?$hashtable@U?$pair@$$CBHUGen_t_00853460_p12cd@@@_STL@@HU?$hash@H@2@U?$_Select1st@U?$pair@$$CBHUGen_t_00853460_p12cd@@@_STL@@@2@U?$equal_to@H@2@V?$allocator@U?$pair@$$CBHUGen_t_00853460_p12cd@@@_STL@@@2@@_STL@@QAEXXZ,UNPARSEABLE,
?d_00452a50@@YAXXZ,0x00452A50,98,Code/gen_asm/d_00448a60.asm,?parseInt@INI@@SAXPAV1@PAX1PBX@Z,AMBIGUOUS(6),Code/GameEngine/Source/Common/GameLOD.cpp;Code/GameEngine/Source/GameLogic/Object/SpecialPower/CashHackSpecialPower.cpp;Code/GameEngine/Source/Common/INI/INIDrawGroupInfo.cpp;Code/GameEngine/Source/Common/INI/ini_parsers.cpp
?d_00452ad0@@YAXXZ,0x00452AD0,656,Code/gen_asm/d_00448a60.asm,?parseReal@INI@@SAXPAV1@PAX1PBX@Z,AMBIGUOUS(5),Code/GameEngine/Source/Common/GameLOD.cpp;Code/GameEngine/Source/GameLogic/AI/TurretAI.cpp;Code/GameEngine/Source/GameLogic/Object/Update/StructureToppleUpdate.cpp;Code/GameEngine/Source/Common/INI/ini_parsers.cpp
?d_00452e60@@YAXXZ,0x00452E60,145,Code/gen_asm/d_00448a60.asm,?parsePercentToReal@INI@@SAXPAV1@PAX1PBX@Z,AMBIGUOUS(3),Code/GameEngine/Source/Common/INI/INIDrawGroupInfo.cpp;Code/GameEngine/Source/Common/INI/ini_parsers.cpp;Code/GameEngine/Source/Common/INI/INI_stl.cpp
?d_00452f20@@YAXXZ,0x00452F20,145,Code/gen_asm/d_00448a60.asm,?parseRGBColor@INI@@SAXPAV1@PAX1PBX@Z,AMBIGUOUS(3),Code/GameEngine/Source/GameClient/System/ParticleSys.cpp;Code/GameEngine/Source/Common/INI/ini_parsers.cpp;Code/GameEngine/Source/Common/INI/INI_stl.cpp
?d_00453480@@YAXXZ,0x00453480,225,Code/gen_asm/d_00448a60.asm,?_M_initialize_buckets@?$hashtable@U?$pair@$$CBHUGen_t_008535c0_p12cd@@@_STL@@HU?$hash@H@2@U?$_Select1st@U?$pair@$$CBHUGen_t_008535c0_p12cd@@@_STL@@@2@U?$equal_to@H@2@V?$allocator@U?$pair@$$CBHUGen_t_008535c0_p12cd@@@_STL@@@2@@_STL@@AAEXI@Z,UNPARSEABLE,
?d_00453ef0@@YAXXZ,0x00453EF0,72,Code/gen_asm/d_00448a60.asm,?loadDirectory@INI@@QAEXVAsciiString@@_NW4INILoadType@@PAVXfer@@H@Z,AMBIGUOUS(2),Code/GameEngine/Source/Common/INI/INILoadDirectoryThunk.cpp;Code/GameEngine/Source/Common/INI/INI_stl.cpp
?d_00454300@@YAXXZ,0x00454300,164,Code/gen_asm/d_00448a60.asm,_SocketShutDown,UNPARSEABLE,
?d_00454500@@YAXXZ,0x00454500,122,Code/gen_asm/d_00448a60.asm,_ghiSocketSelect,UNPARSEABLE,
?d_004568c0@@YAXXZ,0x004568C0,74,Code/gen_asm/d_004550c0.asm,_send_heartbeat,UNPARSEABLE,
?d_0045a000@@YAXXZ,0x0045A000,1814,Code/gen_asm/d_004550c0.asm,_StringHash,UNPARSEABLE,
?d_0045c290@@YAXXZ,0x0045C290,72,Code/gen_asm/d_004550c0.asm,_UCS2ToUTF8String,UNPARSEABLE,
?d_00467a40@@YAXXZ,0x00467A40,41,Code/gen_asm/d_00460f80.asm,_FreeKeyList,UNPARSEABLE,
?d_0046a130@@YAXXZ,0x0046A130,159,Code/gen_asm/d_00460f80.asm,_ArrayInsertAt,UNPARSEABLE,
?d_0046a2d0@@YAXXZ,0x0046A2D0,159,Code/gen_asm/d_00460f80.asm,_ArraySearch,UNPARSEABLE,
?d_0047c0e0@@YAXXZ,0x0047C0E0,131,Code/gen_asm/d_00475b00.asm,_ghiDoReceivingHeaders,UNPARSEABLE,
?d_0047d150@@YAXXZ,0x0047D150,280,Code/gen_asm/d_00475b00.asm,_ghiPostCleanupState,UNPARSEABLE,
?d_0048a320@@YAXXZ,0x0048A320,300,Code/gen_asm/d_0048a320.asm,?SimpleMatch@Debug@@SA_NPBD0@Z,AMBIGUOUS(2),Code/Libraries/Source/WWVegas/WWDebug/debug_debug.cpp;Code/Libraries/Source/WWVegas/WWDebug/debug_io_flat.cpp
?d_0048f8c0@@YAXXZ,0x0048F8C0,231,Code/gen_asm/d_0048a320.asm,??1Gen_uwm_0088f900@@QAE@XZ,NO-DEFINITION,
?d_00491620@@YAXXZ,0x00491620,134,Code/gen_asm/d_0048a320.asm,??3Gen_uws100_00891650@@SAXPAXI@Z,UNPARSEABLE,
?d_00494110@@YAXXZ,0x00494110,132,Code/gen_asm/d_0048a320.asm,??1Gen_t_00894a10_k4@@QAE@XZ,NO-DEFINITION,
?d_00494b90@@YAXXZ,0x00494B90,281,Code/gen_asm/d_0048a320.asm,??3Gen_uws56_00894c50@@SAXPAXI@Z,UNPARSEABLE,
?d_004974f0@@YAXXZ,0x004974F0,263,Code/gen_asm/d_00495de0.asm,??3Gen_uws28_00897590@@SAXPAXI@Z,UNPARSEABLE,
?d_00499310@@YAXXZ,0x00499310,234,Code/gen_asm/d_00495de0.asm,??1Gen_uwm_00899380@@QAE@XZ,NO-DEFINITION,
?d_004a9010@@YAXXZ,0x004A9010,600,Code/gen_asm/d_004a32e0.asm,??3Gen_uws44_008a9120@@SAXPAXI@Z,UNPARSEABLE,
?d_004ad250@@YAXXZ,0x004AD250,357,Code/gen_asm/d_004a32e0.asm,??1Gen_uwm_008ad330@@QAE@XZ,NO-DEFINITION,
?d_004dafa0@@YAXXZ,0x004DAFA0,206,Code/gen_asm/d_004d3970.asm,?Overlap_Test@CollisionMath@@SA?AW4OverlapType@1@ABVFrustumClass@@ABVAABoxClass@@@Z,AMBIGUOUS(22),Code/Libraries/Source/WWVegas/WW3D2/camera.cpp;Code/Libraries/Source/WWVegas/WW3D2/camera.h;Code/Libraries/Source/WWVegas/WW3D2/coltest.h;Code/Libraries/Source/WWVegas/WW3D2/dynamesh.cpp
?d_004db0b0@@YAXXZ,0x004DB0B0,858,Code/gen_asm/d_004d3970.asm,?Overlap_Test@CollisionMath@@SA?AW4OverlapType@1@ABVFrustumClass@@ABVAABoxClass@@@Z,AMBIGUOUS(22),Code/Libraries/Source/WWVegas/WW3D2/camera.cpp;Code/Libraries/Source/WWVegas/WW3D2/camera.h;Code/Libraries/Source/WWVegas/WW3D2/coltest.h;Code/Libraries/Source/WWVegas/WW3D2/dynamesh.cpp
?d_004e1450@@YAXXZ,0x004E1450,1774,Code/gen_asm/d_004d3970.asm,?Contains_Point@TriClass@@QBE_NABVVector3@@@Z,AMBIGUOUS(2),Code/Libraries/Source/WWVegas/WWMath/tri.cpp;Code/Libraries/Source/WWVegas/WWMath/tri.h
?d_004f41e0@@YAXXZ,0x004F41E0,613,Code/gen_asm/d_004e5420.asm,_gpiGetTransferLocalIDByIndex,UNPARSEABLE,
?d_004f97b0@@YAXXZ,0x004F97B0,117,Code/gen_asm/d_004f49e0.asm,?m@T_008f9810@@QAEXXZ,NO-DEFINITION,
?d_004fa0a0@@YAXXZ,0x004FA0A0,203,Code/gen_asm/d_004f49e0.asm,?_M_initialize_map@?$_Deque_base@PAVPartitionCell@@V?$allocator@PAVPartitionCell@@@_STL@@@_STL@@IAEXI@Z,UNPARSEABLE,
?d_004ff2e0@@YAXXZ,0x004FF2E0,1050,Code/gen_asm/d_004f49e0.asm,??1Gen_uwm_008ff450@@QAE@XZ,NO-DEFINITION,
?d_004ffe70@@YAXXZ,0x004FFE70,47,Code/gen_asm/d_004f49e0.asm,?insert_unique@?$_Rb_tree@IU?$pair@$$CBIUGen_t_009009f0_m12pod@@@_STL@@U?$_Select1st@U?$pair@$$CBIUGen_t_009009f0_m12pod@@@_STL@@@2@U?$less@I@2@V?$allocator@U?$pair@$$CBIUGen_t_009009f0_m12pod@@@_STL@@@2@@_STL@@QAE?AU?$pair@U?$_Rb_tree_iterator@U?$pair@$$CBIUGen_t_009009f0_m12pod@@@_STL@@U?$_Nonconst_traits@U?$pair@$$CBIUGen_t_009009f0_m12pod@@@_STL@@@2@@_STL@@_N@2@ABU?$pair@$$CBIUGen_t_009009f0_m12pod@@@2@@Z,UNPARSEABLE,
?d_00505830@@YAXXZ,0x00505830,573,Code/gen_asm/d_004f49e0.asm,?Set_DX8_ZBias@DX8Wrapper@@SAXH@Z,LOCATED,Code/Libraries/Source/WWVegas/WW3D2/dx8renderer.cpp
?d_00508c80@@YAXXZ,0x00508C80,1063,Code/gen_asm/d_004f49e0.asm,?End_Scene@DX8Wrapper@@SAX_N@Z,LOCATED,Code/Libraries/Source/WWVegas/WW3D2/dx8wrapper.cpp
?d_0050dbd0@@YAXXZ,0x0050DBD0,159,Code/gen_asm/d_005091f0.asm,?Peek_D3D_Base_Texture@TextureBaseClass@@QBEPAUIDirect3DBaseTexture8@@XZ,LOCATED,Code/Libraries/Source/WWVegas/WW3D2/texture.cpp
?d_0050e650@@YAXXZ,0x0050E650,100,Code/gen_asm/d_005091f0.asm,?getSurfaceLevel@W3DRadarResetTexture@@QAE?AVW3DRadarResetSurface@@XZ,NO-DEFINITION,
?d_0050f660@@YAXXZ,0x0050F660,85,Code/gen_asm/d_005091f0.asm,??1Gen_dtor_005f0920@@UAE@XZ,NO-DEFINITION,
?d_00511f50@@YAXXZ,0x00511F50,182,Code/gen_asm/d_005091f0.asm,?Set_Point_Size@PointGroupClass@@QAEXM@Z,LOCATED,Code/Libraries/Source/WWVegas/WW3D2/pointgr.cpp
?d_00512040@@YAXXZ,0x00512040,11,Code/gen_asm/d_005091f0.asm,?Set_Point_Orientation@PointGroupClass@@QAEXE@Z,LOCATED,Code/Libraries/Source/WWVegas/WW3D2/pointgr.cpp
?d_005125c0@@YAXXZ,0x005125C0,83,Code/gen_asm/d_005091f0.asm,??1Gen_dtor_00913ad0@@UAE@XZ,NO-DEFINITION,
?d_00512670@@YAXXZ,0x00512670,242,Code/gen_asm/d_005091f0.asm,?Set_Arrays@PointGroupClass@@QAEXPAV?$ShareBufferClass@VVector3@@@@PAV?$ShareBufferClass@VVector4@@@@PAV?$ShareBufferClass@I@@PAV?$ShareBufferClass@M@@PAV?$ShareBufferClass@E@@4HMMMM@Z,UNPARSEABLE,
?d_00519f90@@YAXXZ,0x00519F90,1193,Code/gen_asm/d_00512e40.asm,??1Gen_dtor_0091a0b0@@UAE@XZ,NO-DEFINITION,
?d_0051d1e0@@YAXXZ,0x0051D1E0,149,Code/gen_asm/d_0051b7e0.asm,??1Gen_dtor_0091d910@@UAE@XZ,NO-DEFINITION,
?d_0051d300@@YAXXZ,0x0051D300,74,Code/gen_asm/d_0051b7e0.asm,??1Gen_dtor_0091d930@@UAE@XZ,NO-DEFINITION,
?d_0051d560@@YAXXZ,0x0051D560,11,Code/gen_asm/d_0051b7e0.asm,?Allocate_DX8_Dynamic_Buffer@DynamicIBAccessClass@@QAEXXZ,AMBIGUOUS(2),Code/Libraries/Source/WWVegas/WW3D2/dx8indexbuffer.cpp;Code/GameEngine/Source/Common/DynamicIBAccessClass_Allocate_DX8_Dynamic_BufferMethodThunk.cpp
?d_0051d690@@YAXXZ,0x0051D690,85,Code/gen_asm/d_0051b7e0.asm,?Allocate_Sorting_Dynamic_Buffer@DynamicIBAccessClass@@QAEXXZ,AMBIGUOUS(2),Code/Libraries/Source/WWVegas/WW3D2/dx8indexbuffer.cpp;Code/GameEngine/Source/Common/DynamicIBAccessClass_Allocate_Sorting_Dynamic_BufferMethodThunk.cpp
?d_0051db30@@YAXXZ,0x0051DB30,335,Code/gen_asm/d_0051b7e0.asm,??0VertexBufferClass@@IAE@IIGI@Z,LOCATED,Code/Libraries/Source/WWVegas/WW3D2/dx8vertexbuffer.cpp
?d_0051edb0@@YAXXZ,0x0051EDB0,79,Code/gen_asm/d_0051b7e0.asm,?Copy@DX8VertexBufferClass@@QAEXPBVVector3@@PBVVector2@@PBVVector4@@II@Z,LOCATED,Code/Libraries/Source/WWVegas/WW3D2/dx8vertexbuffer.cpp
?d_00520490@@YAXXZ,0x00520490,35,Code/gen_asm/d_0051b7e0.asm,??0RenderObjClass@@QAE@XZ,AMBIGUOUS(2),Code/Libraries/Source/WWVegas/WW3D2/RenderObjClassCtor_Thunk.cpp;Code/Libraries/Source/WWVegas/WW3D2/rendobj.cpp
?d_00520bb0@@YAXXZ,0x00520BB0,431,Code/gen_asm/d_0051b7e0.asm,?_Init_Filters@TextureFilterClass@@SAXW4TextureFilterMode@1@@Z,AMBIGUOUS(3),Code/Libraries/Source/WWVegas/WW3D2/dx8wrapper.cpp;Code/Libraries/Source/WWVegas/WW3D2/ww3d.cpp;Code/GameEngine/Source/Common/TextureFilterClass_Init_Filters_Thunk.cpp
?d_00520e70@@YAXXZ,0x00520E70,185,Code/gen_asm/d_0051b7e0.asm,?Make_Unique@VertexMaterialClass@@QAEXXZ,AMBIGUOUS(2),Code/Libraries/Source/WWVegas/WW3D2/VertexMaterialClass_Make_Unique_Thunk.cpp;Code/Libraries/Source/WWVegas/WW3D2/vertmaterial.cpp
?d_00521160@@YAXXZ,0x00521160,447,Code/gen_asm/d_0051b7e0.asm,?Set_UV_Source@VertexMaterialClass@@QAEXHH@Z,AMBIGUOUS(2),Code/Libraries/Source/WWVegas/WW3D2/VertexMaterialClass_Set_UV_Source_Thunk.cpp;Code/Libraries/Source/WWVegas/WW3D2/vertmaterial.cpp
?d_00521720@@YAXXZ,0x00521720,93,Code/gen_asm/d_0051b7e0.asm,??0BufferStraw@@QAE@PBXH@Z,NO-DEFINITION,
?d_005217a0@@YAXXZ,0x005217A0,391,Code/gen_asm/d_0051b7e0.asm,??0VertexMaterialClass@@QAE@XZ,LOCATED,Code/Libraries/Source/WWVegas/WW3D2/vertmaterial.cpp
?d_00522740@@YAXXZ,0x00522740,187,Code/gen_asm/d_0051b7e0.asm,??1Gen_dtor_00922730@@UAE@XZ,NO-DEFINITION,
?d_00524de0@@YAXXZ,0x00524DE0,189,Code/gen_asm/d_0051b7e0.asm,?Get_Bounding_Sphere@MeshGeometryClass@@QAEXPAVSphereClass@@@Z,AMBIGUOUS(2),Code/Libraries/Source/WWVegas/WW3D2/meshgeometry.cpp;Code/GameEngine/Source/Common/MeshGeometryClass_Get_Bounding_Sphere_Thunk.cpp
?d_00525590@@YAXXZ,0x00525590,220,Code/gen_asm/d_00525450.asm,?Scale@MeshGeometryClass@@QAEXABVVector3@@@Z,LOCATED,Code/Libraries/Source/WWVegas/WW3D2/meshgeometry.cpp
?d_00526600@@YAXXZ,0x00526600,74,Code/gen_asm/d_00525450.asm,??1Gen_dtor_00926610@@UAE@XZ,NO-DEFINITION,
?d_005276a0@@YAXXZ,0x005276A0,109,Code/gen_asm/d_00525450.asm,?clear@?$hashtable@U?$pair@$$CBHUGen_t_00928220_p12cd@@@_STL@@HU?$hash@H@2@U?$_Select1st@U?$pair@$$CBHUGen_t_00928220_p12cd@@@_STL@@@2@U?$equal_to@H@2@V?$allocator@U?$pair@$$CBHUGen_t_00928220_p12cd@@@_STL@@@2@@_STL@@QAEXXZ,UNPARSEABLE,
?d_005280a0@@YAXXZ,0x005280A0,570,Code/gen_asm/d_00525450.asm,??1Gen_uw_00928190@@QAE@XZ,NO-DEFINITION,
?d_005293e0@@YAXXZ,0x005293E0,209,Code/gen_asm/d_00525450.asm,?Init_Alternate@MeshMatDescClass@@QAEXAAV1@0@Z,AMBIGUOUS(2),Code/Libraries/Source/WWVegas/WW3D2/meshmatdesc.cpp;Code/Libraries/Source/WWVegas/WW3D2/MeshMatDescInitAlternateThunk.cpp
?d_00529cd0@@YAXXZ,0x00529CD0,391,Code/gen_asm/d_00525450.asm,??0?$ShareBufferClass@PAVVertexMaterialClass@@@@QAE@ABV0@@Z,UNPARSEABLE,
?d_0052ba20@@YAXXZ,0x0052BA20,85,Code/gen_asm/d_0052b540.asm,??0TexBufferClass@@QAE@HPBD@Z,AMBIGUOUS(2),Code/Libraries/Source/WWVegas/WW3D2/meshmatdesc.cpp;Code/Libraries/Source/WWVegas/WW3D2/TexBufferClassCtorThunk.cpp
?d_0052bec0@@YAXXZ,0x0052BEC0,302,Code/gen_asm/d_0052b540.asm,?Get_Shader_Array@MeshMatDescClass@@QAEPAVShaderClass@@H_N@Z,LOCATED,Code/Libraries/Source/WWVegas/WW3D2/meshmatdesc.cpp
?d_0052d8f0@@YAXXZ,0x0052D8F0,413,Code/gen_asm/d_0052b540.asm,??1Gen_dtor_0092e490@@UAE@XZ,NO-DEFINITION,
?d_0052e880@@YAXXZ,0x0052E880,82,Code/gen_asm/d_0052b540.asm,?Render_Material_Pass@MeshClass@@QAEXPAVMaterialPassClass@@PAVIndexBufferClass@@@Z,LOCATED,Code/Libraries/Source/WWVegas/WW3D2/mesh.cpp
?d_0052f960@@YAXXZ,0x0052F960,365,Code/gen_asm/d_0052b540.asm,?Add@?$DynamicVectorClass@VShaderClass@@@@QAE_NABVShaderClass@@@Z,UNPARSEABLE,
?d_0052ff70@@YAXXZ,0x0052FF70,119,Code/gen_asm/d_0052b540.asm,??1Gen_uw_0092ff90@@QAE@XZ,NO-DEFINITION,
?d_005313b0@@YAXXZ,0x005313B0,627,Code/gen_asm/d_0052b540.asm,??0OBBoxClass@@QAE@ABV0@@Z,LOCATED,Code/Libraries/Source/WWVegas/WWMath/obbox.cpp
?d_00531d80@@YAXXZ,0x00531D80,66,Code/gen_asm/d_0052b540.asm,?Get_View_Plane@CameraClass@@QBEXAAVVector2@@0@Z,LOCATED,Code/Libraries/Source/WWVegas/WW3D2/camera.cpp
?d_00531de0@@YAXXZ,0x00531DE0,171,Code/gen_asm/d_0052b540.asm,?Update_Frustum@CameraClass@@IBEXXZ,LOCATED,Code/Libraries/Source/WWVegas/WW3D2/camera.cpp
?d_005331e0@@YAXXZ,0x005331E0,513,Code/gen_asm/d_0052b540.asm,??0MaterialPassClass@@QAE@XZ,LOCATED,Code/Libraries/Source/WWVegas/WW3D2/MaterialPassClassCtorThunk.cpp
?d_00539e60@@YAXXZ,0x00539E60,473,Code/gen_asm/d_00536dc0.asm,??1Gen_uwm_00939f20@@QAE@XZ,NO-DEFINITION,
?d_0053a710@@YAXXZ,0x0053A710,834,Code/gen_asm/d_00536dc0.asm,?Flush@SortingRendererClass@@SAXXZ,LOCATED,Code/Libraries/Source/WWVegas/WW3D2/ww3d.cpp
?d_0053bd70@@YAXXZ,0x0053BD70,333,Code/gen_asm/d_00536dc0.asm,??1Gen_dtor_0093bf90@@UAE@XZ,NO-DEFINITION,
?d_0053e390@@YAXXZ,0x0053E390,992,Code/gen_asm/d_00536dc0.asm,?Resize@?$VectorClass@U_ENUM_VALUE@EnumParameterClass@@@@UAE_NHPBU_ENUM_VALUE@EnumParameterClass@@@Z,UNPARSEABLE,
?d_005406e0@@YAXXZ,0x005406E0,560,Code/gen_asm/d_00536dc0.asm,?classifyObjectFootprint@Pathfinder@@IAEXPAVObject@@_N@Z,LOCATED,Code/GameEngine/Source/GameLogic/AI/AIPathfind.cpp
?d_00545d00@@YAXXZ,0x00545D00,69,Code/gen_asm/d_00545310.asm,??1Gen_uw_00945d00@@QAE@XZ,NO-DEFINITION,
?d_00546170@@YAXXZ,0x00546170,289,Code/gen_asm/d_00545310.asm,??1Gen_uw_00946170@@QAE@XZ,NO-DEFINITION,
?d_00546e00@@YAXXZ,0x00546E00,519,Code/gen_asm/d_00545310.asm,??1Gen_dtor_009485a0@@UAE@XZ,NO-DEFINITION,
?d_00547160@@YAXXZ,0x00547160,1093,Code/gen_asm/d_00545310.asm,??1Gen_dtor_00948b40@@UAE@XZ,NO-DEFINITION,
?d_00547730@@YAXXZ,0x00547730,2787,Code/gen_asm/d_00545310.asm,?Remove_Polygon_Renderer@DX8TextureCategoryClass@@QAEXPAVDX8PolygonRendererClass@@@Z,LOCATED,Code/Libraries/Source/WWVegas/WW3D2/dx8renderer.cpp
?d_0054a970@@YAXXZ,0x0054A970,8,Code/gen_asm/d_00545310.asm,?Init_From_Directional_Light@InputLightStruct@LightEnvironmentClass@@QAEXABVLightClass@@ABVVector3@@@Z,LOCATED,Code/Libraries/Source/WWVegas/WW3D2/lightenvironment.cpp
?d_0054c170@@YAXXZ,0x0054C170,220,Code/gen_asm/d_00545310.asm,??0?$_STLP_alloc_proxy@PAU?$_Rb_tree_node@U?$pair@$$CBVAsciiString@@VArchivedFileInfo@@@_STL@@@_STL@@U12@V?$allocator@U?$_Rb_tree_node@U?$pair@$$CBVAsciiString@@VArchivedFileInfo@@@_STL@@@_STL@@@2@@_STL@@QAE@ABV?$allocator@U?$_Rb_tree_node@U?$pair@$$CBVAsciiString@@VArchivedFileInfo@@@_STL@@@_STL@@@1@PAU?$_Rb_tree_node@U?$pair@$$CBVAsciiString@@VArchivedFileInfo@@@_STL@@@1@@Z,UNPARSEABLE,
?d_0054c9e0@@YAXXZ,0x0054C9E0,143,Code/gen_asm/d_00545310.asm,?_M_insert@?$_Rb_tree@IU?$pair@$$CBIUGen_t_0094cf90_m12pod@@@_STL@@U?$_Select1st@U?$pair@$$CBIUGen_t_0094cf90_m12pod@@@_STL@@@2@U?$less@I@2@V?$allocator@U?$pair@$$CBIUGen_t_0094cf90_m12pod@@@_STL@@@2@@_STL@@AAE?AU?$_Rb_tree_iterator@U?$pair@$$CBIUGen_t_0094cf90_m12pod@@@_STL@@U?$_Nonconst_traits@U?$pair@$$CBIUGen_t_0094cf90_m12pod@@@_STL@@@2@@2@PAU_Rb_tree_node_base@2@0ABU?$pair@$$CBIUGen_t_0094cf90_m12pod@@@2@0@Z,UNPARSEABLE,
?d_0054e020@@YAXXZ,0x0054E020,171,Code/gen_asm/d_00545310.asm,?Needs_Vertex_Normals@MeshModelClass@@QAE_NXZ,LOCATED,Code/Libraries/Source/WWVegas/WW3D2/meshmdl.cpp
?d_0054ee40@@YAXXZ,0x0054EE40,164,Code/gen_asm/d_0054e1e0.asm,?Make_Geometry_Unique@MeshModelClass@@QAEXXZ,AMBIGUOUS(2),Code/Libraries/Source/WWVegas/WW3D2/meshmdl.cpp;Code/GameEngine/Source/Common/MeshModelClass_Make_Geometry_UniqueMethodThunk.cpp
?d_0054f000@@YAXXZ,0x0054F000,328,Code/gen_asm/d_0054e1e0.asm,?Re_Hash@?$HashTemplateClass@UTriangleSide@@USideIndexInfo@@@@AAEXXZ,UNPARSEABLE,
?d_0054f9a0@@YAXXZ,0x0054F9A0,36,Code/gen_asm/d_0054e1e0.asm,??1Gen_dtor_009509b0@@UAE@XZ,NO-DEFINITION,
?d_005506f0@@YAXXZ,0x005506F0,791,Code/gen_asm/d_0054e1e0.asm,?Render_Seg_Line@SegmentedLineClass@@IAEXAAVRenderInfoClass@@@Z,LOCATED,Code/Libraries/Source/WWVegas/WW3D2/SegmentedLineRenderSegLineThunk.cpp
?d_00554510@@YAXXZ,0x00554510,957,Code/gen_asm/d_0054e1e0.asm,?Blend_Update@HTreeClass@@QAEXABVMatrix3D@@PAVHAnimClass@@M1MM@Z,LOCATED,Code/Libraries/Source/WWVegas/WW3D2/htree.cpp
?d_00557c00@@YAXXZ,0x00557C00,1659,Code/gen_asm/d_00557c00.asm,??1Gen_uwm_00958030@@QAE@XZ,NO-DEFINITION,
?d_0055b200@@YAXXZ,0x0055B200,1552,Code/gen_asm/d_00557c00.asm,??1PendingSurfaceStruct@Render2DSentenceClass@@QAE@XZ,LOCATED,Code/Libraries/Source/WWVegas/WW3D2/PendingSurfaceDestructorThunk.cpp
?d_0055cd80@@YAXXZ,0x0055CD80,452,Code/gen_asm/d_00557c00.asm,?RenderStreak@StreakRendererClass@@QAEXAAVRenderInfoClass@@ABVMatrix3D@@IPAVVector3@@PAVVector4@@PAMABVSphereClass@@PAI@Z,LOCATED,Code/Libraries/Source/WWVegas/WW3D2/streakRender.cpp
?d_00564470@@YAXXZ,0x00564470,80,Code/gen_asm/d_00563370.asm,??1Gen_dtor_009696f0@@UAE@XZ,NO-DEFINITION,
?d_00565f30@@YAXXZ,0x00565F30,1801,Code/gen_asm/d_00563370.asm,?Apply@ScaleTextureMapperClass@@UAEXH@Z,LOCATED,Code/Libraries/Source/WWVegas/WW3D2/mapper.cpp
?d_005674f0@@YAXXZ,0x005674F0,5762,Code/gen_asm/d_00563370.asm,??1Gen_dtor_009677e0@@UAE@XZ,NO-DEFINITION,
?d_0056a2f0@@YAXXZ,0x0056A2F0,1024,Code/gen_asm/d_0056a2f0.asm,??1Gen_dtor_0096a550@@UAE@XZ,NO-DEFINITION,
?d_0056d7a0@@YAXXZ,0x0056D7A0,171,Code/gen_asm/d_0056a2f0.asm,?read_dig@MeshModelClass@@IAE?AW4WW3DErrorType@@AAVChunkLoadClass@@PAVMeshLoadContextClass@@@Z,LOCATED,Code/Libraries/Source/WWVegas/WW3D2/meshmdlio.cpp
?d_0056db00@@YAXXZ,0x0056DB00,79,Code/gen_asm/d_0056a2f0.asm,?read_texture_ids@MeshModelClass@@IAE?AW4WW3DErrorType@@AAVChunkLoadClass@@PAVMeshLoadContextClass@@@Z,LOCATED,Code/Libraries/Source/WWVegas/WW3D2/meshmdlio.cpp
?d_0056fd30@@YAXXZ,0x0056FD30,74,Code/gen_asm/d_0056a2f0.asm,??1Gen_dtor_0096ff50@@UAE@XZ,NO-DEFINITION,
?d_005710a0@@YAXXZ,0x005710A0,230,Code/gen_asm/d_0056a2f0.asm,??1Gen_dtor_00971340@@UAE@XZ,NO-DEFINITION,
?d_00571b70@@YAXXZ,0x00571B70,166,Code/gen_asm/d_0056a2f0.asm,??1Gen_dtor_00971d80@@UAE@XZ,NO-DEFINITION,
?d_00579480@@YAXXZ,0x00579480,324,Code/gen_asm/d_00576c20.asm,??1Gen_uwm_009795c0@@QAE@XZ,NO-DEFINITION,
?d_0057c970@@YAXXZ,0x0057C970,79,Code/gen_asm/d_00576c20.asm,??_EProxyArrayClass@@UAEPAXI@Z,UNPARSEABLE,
?d_0057ca50@@YAXXZ,0x0057CA50,79,Code/gen_asm/d_00576c20.asm,?Initialize@HLodDefClass@@QAEXAAVHLodClass@@@Z,LOCATED,Code/Libraries/Source/WWVegas/WW3D2/hlod.cpp
?d_0057d350@@YAXXZ,0x0057D350,545,Code/gen_asm/d_00576c20.asm,??4HLodClass@@QAEAAV0@ABV0@@Z,UNPARSEABLE,
?d_0057d600@@YAXXZ,0x0057D600,675,Code/gen_asm/d_00576c20.asm,??1Gen_dtor_00970650@@UAE@XZ,NO-DEFINITION,
?d_00581ed0@@YAXXZ,0x00581ED0,71,Code/gen_asm/d_0057da50.asm,??0Animatable3DObjClass@@QAE@PBD@Z,AMBIGUOUS(3),Code/Libraries/Source/WWVegas/WW3D2/Animatable3DObjClassCopyConstructorThunk.cpp;Code/Libraries/Source/WWVegas/WW3D2/Animatable3DObjClassStringConstructorThunk.cpp;Code/Libraries/Source/WWVegas/WW3D2/animobj.cpp
?d_00583ae0@@YAXXZ,0x00583AE0,64,Code/gen_asm/d_0057da50.asm,?Get_Noise_Amplitude@ParticleBufferClass@@QBEMXZ,LOCATED,Code/Libraries/Source/WWVegas/WW3D2/part_buf.cpp
?d_00583cd0@@YAXXZ,0x00583CD0,197,Code/gen_asm/d_0057da50.asm,?Get_Noise_Amplitude@ParticleBufferClass@@QBEMXZ,LOCATED,Code/Libraries/Source/WWVegas/WW3D2/part_buf.cpp
?d_00583ff0@@YAXXZ,0x00583FF0,380,Code/gen_asm/d_0057da50.asm,?Get_Noise_Amplitude@ParticleBufferClass@@QBEMXZ,LOCATED,Code/Libraries/Source/WWVegas/WW3D2/part_buf.cpp
?d_005841d0@@YAXXZ,0x005841D0,280,Code/gen_asm/d_0057da50.asm,?Get_Noise_Amplitude@ParticleBufferClass@@QBEMXZ,LOCATED,Code/Libraries/Source/WWVegas/WW3D2/part_buf.cpp
?d_00584c30@@YAXXZ,0x00584C30,192,Code/gen_asm/d_0057da50.asm,?Combine_Color_And_Alpha@ParticleBufferClass@@IAEXXZ,LOCATED,Code/Libraries/Source/WWVegas/WW3D2/part_buf.cpp
?d_00587c50@@YAXXZ,0x00587C50,97,Code/gen_asm/d_0057da50.asm,?Get_New_Particles@ParticleBufferClass@@IAEXXZ,LOCATED,Code/Libraries/Source/WWVegas/WW3D2/part_buf.cpp
?d_0058b610@@YAXXZ,0x0058B610,415,Code/gen_asm/d_0058b1f0.asm,?Determine_Tail_Diffuse@ParticleBufferClass@@IAE?AW4TailDiffuseTypeEnum@1@XZ,LOCATED,Code/Libraries/Source/WWVegas/WW3D2/part_buf.cpp
?d_00596500@@YAXXZ,0x00596500,860,Code/gen_asm/d_00593a30.asm,_luaG_symbexec,UNPARSEABLE,
?d_00596d40@@YAXXZ,0x00596D40,798,Code/gen_asm/d_00593a30.asm,_luaO_equalObj,UNPARSEABLE,
?d_00597790@@YAXXZ,0x00597790,532,Code/gen_asm/d_00593a30.asm,_luaV_lessthan,UNPARSEABLE,
?d_00599490@@YAXXZ,0x00599490,283,Code/gen_asm/d_00593a30.asm,_setnodevector,UNPARSEABLE,
?d_00599fe0@@YAXXZ,0x00599FE0,783,Code/gen_asm/d_00593a30.asm,_markall,UNPARSEABLE,
?d_0059ab00@@YAXXZ,0x0059AB00,149,Code/gen_asm/d_00593a30.asm,_check_match,UNPARSEABLE,
?d_0059abc0@@YAXXZ,0x0059ABC0,952,Code/gen_asm/d_0059abc0.asm,_str_checkname,UNPARSEABLE,
?d_0059b8f0@@YAXXZ,0x0059B8F0,105,Code/gen_asm/d_0059abc0.asm,_forstat,UNPARSEABLE,
?d_0059bd00@@YAXXZ,0x0059BD00,77,Code/gen_asm/d_0059abc0.asm,_parlist,UNPARSEABLE,
?d_0059cb30@@YAXXZ,0x0059CB30,142,Code/gen_asm/d_0059abc0.asm,_assignment,UNPARSEABLE,
?d_0059d2d0@@YAXXZ,0x0059D2D0,145,Code/gen_asm/d_0059abc0.asm,_chunk,UNPARSEABLE,
?d_0059ee10@@YAXXZ,0x0059EE10,135,Code/gen_asm/d_0059abc0.asm,_luaK_number,UNPARSEABLE,
?d_0059f130@@YAXXZ,0x0059F130,161,Code/gen_asm/d_0059abc0.asm,_discharge,UNPARSEABLE,
?d_0059f5c0@@YAXXZ,0x0059F5C0,43,Code/gen_asm/d_0059abc0.asm,_luaK_testgo,UNPARSEABLE,
?d_0059fae0@@YAXXZ,0x0059FAE0,54,Code/gen_asm/d_0059abc0.asm,_luaK_prefix,UNPARSEABLE,
?d_005a4620@@YAXXZ,0x005A4620,46,Code/gen_asm/d_005a42e0.asm,??1Gen_dtor_009a2520@@UAE@XZ,NO-DEFINITION,
?d_005c8d40@@YAXXZ,0x005C8D40,265,Code/gen_asm/d_005c5e40.asm,?createDirectory@FileSystem@@QAE_NVAsciiString@@@Z,AMBIGUOUS(2),Code/GameEngine/Source/Common/System/FileSystem.cpp;Code/GameEngine/Source/Common/System/FileSystem_createDirectory.cpp
?d_005c92f0@@YAXXZ,0x005C92F0,157,Code/gen_asm/d_005c5e40.asm,??0?$_STLP_alloc_proxy@PAU?$_Rb_tree_node@U?$pair@$$CBVAsciiString@@VDetailedArchivedDirectoryInfo@@@_STL@@@_STL@@U12@V?$allocator@U?$_Rb_tree_node@U?$pair@$$CBVAsciiString@@VDetailedArchivedDirectoryInfo@@@_STL@@@_STL@@@2@@_STL@@QAE@ABV?$allocator@U?$_Rb_tree_node@U?$pair@$$CBVAsciiString@@VDetailedArchivedDirectoryInfo@@@_STL@@@_STL@@@1@PAU?$_Rb_tree_node@U?$pair@$$CBVAsciiString@@VDetailedArchivedDirectoryInfo@@@_STL@@@1@@Z,UNPARSEABLE,
?d_005c9740@@YAXXZ,0x005C9740,72,Code/gen_asm/d_005c5e40.asm,??1Gen_uwm_009c9740@@QAE@XZ,NO-DEFINITION,
?d_005c97a0@@YAXXZ,0x005C97A0,84,Code/gen_asm/d_005c5e40.asm,??0?$_Rb_tree@VAsciiString@@U?$pair@$$CBVAsciiString@@VArchivedDirectoryInfo@@@_STL@@U?$_Select1st@U?$pair@$$CBVAsciiString@@VArchivedDirectoryInfo@@@_STL@@@3@U?$less@VAsciiString@@@3@V?$allocator@U?$pair@$$CBVAsciiString@@VArchivedDirectoryInfo@@@_STL@@@3@@_STL@@QAE@ABV01@@Z,UNPARSEABLE,
?d_005c9a20@@YAXXZ,0x005C9A20,270,Code/gen_asm/d_005c5e40.asm,??$_M_find@VAsciiString@@@?$_Rb_tree@VAsciiString@@U?$pair@$$CBVAsciiString@@VArchivedDirectoryInfo@@@_STL@@U?$_Select1st@U?$pair@$$CBVAsciiString@@VArchivedDirectoryInfo@@@_STL@@@3@U?$less@VAsciiString@@@3@V?$allocator@U?$pair@$$CBVAsciiString@@VArchivedDirectoryInfo@@@_STL@@@3@@_STL@@ABEPAU?$_Rb_tree_node@U?$pair@$$CBVAsciiString@@VArchivedDirectoryInfo@@@_STL@@@1@ABVAsciiString@@@Z,UNPARSEABLE,
?d_005cab10@@YAXXZ,0x005CAB10,39,Code/gen_asm/d_005c5e40.asm,??A?$map@VAsciiString@@VArchivedDirectoryInfo@@U?$less@VAsciiString@@@_STL@@V?$allocator@U?$pair@$$CBVAsciiString@@VArchivedDirectoryInfo@@@_STL@@@4@@_STL@@QAEAAVArchivedDirectoryInfo@@ABVAsciiString@@@Z,UNPARSEABLE,
?d_005cb590@@YAXXZ,0x005CB590,81,Code/gen_asm/d_005c5e40.asm,??1MemoryWriteFile@@UAE@XZ,LOCATED,Code/GameEngine/Source/Common/System/File.cpp
?d_005cde00@@YAXXZ,0x005CDE00,61,Code/gen_asm/d_005c5e40.asm,??1Win32LocalFileSystem@@UAE@XZ,LOCATED,Code/GameEngineDevice/Source/Win32Device/Common/Win32LocalFileSystem.cpp
?d_005ce550@@YAXXZ,0x005CE550,94,Code/gen_asm/d_005c5e40.asm,?attachFile@ArchiveFile@@QAEXPAVFile@@@Z,LOCATED,Code/GameEngine/Source/Common/System/ArchiveFile.cpp
?d_005cecb0@@YAXXZ,0x005CECB0,318,Code/gen_asm/d_005c5e40.asm,??0?$_STLP_alloc_proxy@PAU?$_Rb_tree_node@U?$pair@$$CBVAsciiString@@VArchivedFileInfo@@@_STL@@@_STL@@U12@V?$allocator@U?$_Rb_tree_node@U?$pair@$$CBVAsciiString@@VArchivedFileInfo@@@_STL@@@_STL@@@2@@_STL@@QAE@ABV?$allocator@U?$_Rb_tree_node@U?$pair@$$CBVAsciiString@@VArchivedFileInfo@@@_STL@@@_STL@@@1@PAU?$_Rb_tree_node@U?$pair@$$CBVAsciiString@@VArchivedFileInfo@@@_STL@@@1@@Z,UNPARSEABLE,
?d_005cf2c0@@YAXXZ,0x005CF2C0,89,Code/gen_asm/d_005cf100.asm,?_M_copy@?$_Rb_tree@UGen_t_009cf460_m32cd@@U1@U?$_Identity@UGen_t_009cf460_m32cd@@@_STL@@U?$less@UGen_t_009cf460_m32cd@@@3@V?$allocator@UGen_t_009cf460_m32cd@@@3@@_STL@@AAEPAU?$_Rb_tree_node@UGen_t_009cf460_m32cd@@@2@PAU32@0@Z,UNPARSEABLE,
?d_005d2b10@@YAXXZ,0x005D2B10,145,Code/gen_asm/d_005cf100.asm,_IsStatsConnected,UNPARSEABLE,
?d_005d9bc0@@YAXXZ,0x005D9BC0,87,Code/gen_asm/d_005cf100.asm,??1Gen_dtor_009d9c50@@UAE@XZ,NO-DEFINITION,
?d_005db630@@YAXXZ,0x005DB630,87,Code/gen_asm/d_005cf100.asm,?Execute@ThreadClass@@QAEXXZ,LOCATED,Code/Libraries/Source/WWVegas/WWLib/thread.cpp
?d_005dd550@@YAXXZ,0x005DD550,49,Code/gen_asm/d_005cf100.asm,??1file_auto_ptr@@QAE@XZ,LOCATED,Code/Libraries/Source/WWVegas/WWLib/ffactory.cpp
?d_005e2c70@@YAXXZ,0x005E2C70,139,Code/gen_asm/d_005cf100.asm,??1Gen_uwm_009e2ce0@@QAE@XZ,NO-DEFINITION,
?d_005e2e30@@YAXXZ,0x005E2E30,66,Code/gen_asm/d_005cf100.asm,?Search_For_Node@?$IndexClass@HPAUINIEntry@@@@ABEPBUNodeElement@1@ABH@Z,UNPARSEABLE,
?d_005e3b90@@YAXXZ,0x005E3B90,128,Code/gen_asm/d_005cf100.asm,?Put_String@INIClass@@QAE_NPBD00@Z,LOCATED,Code/Libraries/Source/WWVegas/WWLib/INIClass_Put_String_Thunk.cpp
?d_005e68e0@@YAXXZ,0x005E68E0,66,Code/gen_asm/d_005e6700.asm,?Raw_Seek@RawFileClass@@IAEHHH@Z,LOCATED,Code/Libraries/Source/WWVegas/WWLib/rawfile.cpp
?d_005e7170@@YAXXZ,0x005E7170,83,Code/gen_asm/d_005e6700.asm,?Free_String@WideStringClass@@AAEXXZ,LOCATED,Code/Libraries/Source/WWVegas/WWLib/widestring.cpp
?d_005e7940@@YAXXZ,0x005E7940,102,Code/gen_asm/d_005e6700.asm,?Put@Base64Pipe@@UAEHPBXH@Z,LOCATED,Code/Libraries/Source/WWVegas/WWLib/b64pipe.cpp
?d_005ec3e0@@YAXXZ,0x005EC3E0,128,Code/gen_asm/d_005e6700.asm,?equal_range@?$_Rb_tree@GU?$pair@$$CBGE@_STL@@U?$_Select1st@U?$pair@$$CBGE@_STL@@@2@U?$less@G@2@V?$allocator@U?$pair@$$CBGE@_STL@@@2@@_STL@@QAE?AU?$pair@U?$_Rb_tree_iterator@U?$pair@$$CBGE@_STL@@U?$_Nonconst_traits@U?$pair@$$CBGE@_STL@@@2@@_STL@@U12@@2@ABG@Z,UNPARSEABLE,
?d_005ecab0@@YAXXZ,0x005ECAB0,46,Code/gen_asm/d_005e6700.asm,??1Gen_uw_009ecac0@@QAE@XZ,NO-DEFINITION,
?d_005ed460@@YAXXZ,0x005ED460,93,Code/gen_asm/d_005e6700.asm,?_M_advance@?$_Deque_iterator_base@H@_STL@@QAEXH@Z,UNPARSEABLE,
?d_005ed630@@YAXXZ,0x005ED630,99,Code/gen_asm/d_005e6700.asm,?_M_initialize_map@?$_Deque_base@PAVSightingInfo@@V?$allocator@PAVSightingInfo@@@_STL@@@_STL@@IAEXI@Z,UNPARSEABLE,
?d_005ed9c0@@YAXXZ,0x005ED9C0,156,Code/gen_asm/d_005e6700.asm,??1Gen_uwm_009eda50@@QAE@XZ,NO-DEFINITION,
?d_005eda90@@YAXXZ,0x005EDA90,93,Code/gen_asm/d_005e6700.asm,?clear@?$hashtable@U?$pair@$$CBHUGen_t_009ee630_p12cd@@@_STL@@HU?$hash@H@2@U?$_Select1st@U?$pair@$$CBHUGen_t_009ee630_p12cd@@@_STL@@@2@U?$equal_to@H@2@V?$allocator@U?$pair@$$CBHUGen_t_009ee630_p12cd@@@_STL@@@2@@_STL@@QAEXXZ,UNPARSEABLE,
?d_005edb10@@YAXXZ,0x005EDB10,46,Code/gen_asm/d_005e6700.asm,?clear@?$hashtable@U?$pair@$$CBHUGen_t_009ee750_p12cd@@@_STL@@HU?$hash@H@2@U?$_Select1st@U?$pair@$$CBHUGen_t_009ee750_p12cd@@@_STL@@@2@U?$equal_to@H@2@V?$allocator@U?$pair@$$CBHUGen_t_009ee750_p12cd@@@_STL@@@2@@_STL@@QAEXXZ,UNPARSEABLE,
?d_005ee8a0@@YAXXZ,0x005EE8A0,285,Code/gen_asm/d_005e6700.asm,?_M_insert@?$hashtable@U?$pair@$$CBIW4Relationship@@@_STL@@IU?$hash@I@2@U?$_Select1st@U?$pair@$$CBIW4Relationship@@@_STL@@@2@U?$equal_to@I@2@V?$allocator@U?$pair@$$CBIW4Relationship@@@_STL@@@2@@_STL@@QAEAAU?$pair@$$CBIW4Relationship@@@2@ABU32@@Z,UNPARSEABLE,
?d_005f50b0@@YAXXZ,0x005F50B0,85,Code/gen_asm/d_005f0120.asm,?m@T_009f50e0@@QAEXXZ,NO-DEFINITION,
?d_00661e00@@YAXXZ,0x00661E00,207,Code/gen_asm/d_0065fae0.asm,_jpeg_add_quant_table@20,UNPARSEABLE,
?d_006abda0@@YAXXZ,0x006ABDA0,437,Code/gen_asm/d_006a9200.asm,_png_malloc@8,UNPARSEABLE,
?d_006ad660@@YAXXZ,0x006AD660,236,Code/gen_asm/d_006a9200.asm,_deflate@8,UNPARSEABLE,
?d_006aea10@@YAXXZ,0x006AEA10,166,Code/gen_asm/d_006a9200.asm,_inflate@8,UNPARSEABLE,
?d_006aee90@@YAXXZ,0x006AEE90,112,Code/gen_asm/d_006a9200.asm,_png_get_uint_32@4,UNPARSEABLE,
?d_007018a0@@YAXXZ,0x007018A0,681,Code/gen_asm/d_006fb8e0.asm,??8@YAHABVMatrix4x4@@0@Z,UNPARSEABLE,
?d_00702630@@YAXXZ,0x00702630,129,Code/gen_asm/d_006fb8e0.asm,??1Gen_dtor_00b02660@@UAE@XZ,NO-DEFINITION,
?d_007faab0@@YAXXZ,0x007FAAB0,120,Code/gen_asm/d_007f96c0.asm,__ehhandler$?parseProductionTimeChange@PlayerTemplate@@KAXPAVINI@@PAX1PBX@Z,UNPARSEABLE,
?d_0080a830@@YAXXZ,0x0080A830,264,Code/gen_asm/d_00809520.asm,__ehhandler$?getClassMemoryPool@AutoHealBehavior@@CAPAVMemoryPool@@XZ,UNPARSEABLE,
?d_0080ab50@@YAXXZ,0x0080AB50,374,Code/gen_asm/d_00809520.asm,__ehhandler$?getClassMemoryPool@BridgeBehavior@@CAPAVMemoryPool@@XZ,UNPARSEABLE,
?d_0080ad00@@YAXXZ,0x0080AD00,196,Code/gen_asm/d_00809520.asm,__ehhandler$?getClassMemoryPool@BridgeTowerBehavior@@CAPAVMemoryPool@@XZ,UNPARSEABLE,
?d_0080c390@@YAXXZ,0x0080C390,811,Code/gen_asm/d_00809520.asm,__ehhandler$?getClassMemoryPool@ActiveBody@@CAPAVMemoryPool@@XZ,UNPARSEABLE,
?d_0080d6c0@@YAXXZ,0x0080D6C0,200,Code/gen_asm/d_00809520.asm,__ehhandler$?getClassMemoryPool@TransportContain@@CAPAVMemoryPool@@XZ,UNPARSEABLE,
?d_0080d7a0@@YAXXZ,0x0080D7A0,234,Code/gen_asm/d_00809520.asm,__ehhandler$?getClassMemoryPool@TunnelContain@@CAPAVMemoryPool@@XZ,UNPARSEABLE,
?d_0080e6c0@@YAXXZ,0x0080E6C0,872,Code/gen_asm/d_0080da50.asm,__ehhandler$?getClassMemoryPool@TransitionDamageFX@@CAPAVMemoryPool@@XZ,UNPARSEABLE,
?d_0080ee80@@YAXXZ,0x0080EE80,106,Code/gen_asm/d_0080da50.asm,__ehhandler$?getClassMemoryPool@CashHackSpecialPower@@CAPAVMemoryPool@@XZ,UNPARSEABLE,
?d_0080ef50@@YAXXZ,0x0080EF50,356,Code/gen_asm/d_0080da50.asm,__ehhandler$?getClassMemoryPool@DefectorSpecialPower@@CAPAVMemoryPool@@XZ,UNPARSEABLE,
?d_0080f5a0@@YAXXZ,0x0080F5A0,1359,Code/gen_asm/d_0080da50.asm,__ehhandler$?getClassMemoryPool@OCLSpecialPower@@CAPAVMemoryPool@@XZ,UNPARSEABLE,
?d_00811e20@@YAXXZ,0x00811E20,976,Code/gen_asm/d_00811e20.asm,__ehhandler$?getClassMemoryPool@LifetimeUpdate@@CAPAVMemoryPool@@XZ,UNPARSEABLE,
?d_00812220@@YAXXZ,0x00812220,241,Code/gen_asm/d_00811e20.asm,__ehhandler$?getClassMemoryPool@ProductionUpdate@@CAPAVMemoryPool@@XZ,UNPARSEABLE,
?d_00813e50@@YAXXZ,0x00813E50,201,Code/gen_asm/d_00811e20.asm,__ehhandler$?getClassMemoryPool@SupplyTruckAIUpdate@@CAPAVMemoryPool@@XZ,UNPARSEABLE,
?d_008140a0@@YAXXZ,0x008140A0,39,Code/gen_asm/d_00811e20.asm,__ehhandler$?getClassMemoryPool@WorkerAIUpdate@@CAPAVMemoryPool@@XZ,UNPARSEABLE,
?d_008143a0@@YAXXZ,0x008143A0,38,Code/gen_asm/d_00811e20.asm,__ehhandler$?getClassMemoryPool@DefaultProductionExitUpdate@@CAPAVMemoryPool@@XZ,UNPARSEABLE,
?d_00814460@@YAXXZ,0x00814460,91,Code/gen_asm/d_00811e20.asm,__ehhandler$?getClassMemoryPool@SpawnPointProductionExitUpdate@@CAPAVMemoryPool@@XZ,UNPARSEABLE,
?d_008144c0@@YAXXZ,0x008144C0,91,Code/gen_asm/d_00811e20.asm,__ehhandler$?getClassMemoryPool@SupplyCenterProductionExitUpdate@@CAPAVMemoryPool@@XZ,UNPARSEABLE,
?d_0088fa10@@YAXXZ,0x0088FA10,96,Code/gen_asm/d_0088a430.asm,??_C@_0BA@JKMFNOEK@OCLSpecialPower?$AA@,UNPARSEABLE,
?d_008be760@@YAXXZ,0x008BE760,1162,Code/gen_asm/d_008b9460.asm,_EntEnragedInitialValueData,UNPARSEABLE,
?d_008cac20@@YAXXZ,0x008CAC20,477,Code/gen_asm/d_008c39e0.asm,??_C@_0BK@HLBABBNP@RailedTransportDockUpdate?$AA@,UNPARSEABLE,
?d_0005fa00@@YAXXZ,0x0005FA00,71,Code/gen_asm/d_0005b6c0.asm,?begin@?$hashtable@U?$pair@$$CBHUGen_t_004607d0_m12pod@@@_STL@@HU?$hash@H@2@U?$_Select1st@U?$pair@$$CBHUGen_t_004607d0_m12pod@@@_STL@@@2@U?$equal_to@H@2@V?$allocator@U?$pair@$$CBHUGen_t_004607d0_m12pod@@@_STL@@@2@@_STL@@QAE?AU?$_Ht_iterator@U?$pair@$$CBHUGen_t_004607d0_m12pod@@@_STL@@U?$_Nonconst_traits@U?$pair@$$CBHUGen_t_004607d0_m12pod@@@_STL@@@2@HU?$hash@H@2@U?$_Select1st@U?$pair@$$CBHUGen_t_004607d0_m12pod@@@_STL@@@2@U?$equal_to@H@2@V?$allocator@U?$pair@$$CBHUGen_t_004607d0_m12pod@@@_STL@@@2@@2@XZ,UNPARSEABLE,
?d_00060820@@YAXXZ,0x00060820,20,Code/gen_asm/d_0005b6c0.asm,?clear@?$hashtable@U?$pair@$$CBHUGen_t_00460e00_p12cd@@@_STL@@HU?$hash@H@2@U?$_Select1st@U?$pair@$$CBHUGen_t_00460e00_p12cd@@@_STL@@@2@U?$equal_to@H@2@V?$allocator@U?$pair@$$CBHUGen_t_00460e00_p12cd@@@_STL@@@2@@_STL@@QAEXXZ,UNPARSEABLE,
?d_000609a0@@YAXXZ,0x000609A0,19,Code/gen_asm/d_0005b6c0.asm,?erase@?$hashtable@U?$pair@$$CBHUGen_t_00461570_p12cd@@@_STL@@HU?$hash@H@2@U?$_Select1st@U?$pair@$$CBHUGen_t_00461570_p12cd@@@_STL@@@2@U?$equal_to@H@2@V?$allocator@U?$pair@$$CBHUGen_t_00461570_p12cd@@@_STL@@@2@@_STL@@QAEXABU?$_Ht_iterator@U?$pair@$$CBHUGen_t_00461570_p12cd@@@_STL@@U?$_Const_traits@U?$pair@$$CBHUGen_t_00461570_p12cd@@@_STL@@@2@HU?$hash@H@2@U?$_Select1st@U?$pair@$$CBHUGen_t_00461570_p12cd@@@_STL@@@2@U?$equal_to@H@2@V?$allocator@U?$pair@$$CBHUGen_t_00461570_p12cd@@@_STL@@@2@@2@@Z,UNPARSEABLE,
?d_00060a60@@YAXXZ,0x00060A60,97,Code/gen_asm/d_0005b6c0.asm,?erase@?$hashtable@U?$pair@$$CBHUGen_t_004615a0_p12cd@@@_STL@@HU?$hash@H@2@U?$_Select1st@U?$pair@$$CBHUGen_t_004615a0_p12cd@@@_STL@@@2@U?$equal_to@H@2@V?$allocator@U?$pair@$$CBHUGen_t_004615a0_p12cd@@@_STL@@@2@@_STL@@QAEXABU?$_Ht_iterator@U?$pair@$$CBHUGen_t_004615a0_p12cd@@@_STL@@U?$_Const_traits@U?$pair@$$CBHUGen_t_004615a0_p12cd@@@_STL@@@2@HU?$hash@H@2@U?$_Select1st@U?$pair@$$CBHUGen_t_004615a0_p12cd@@@_STL@@@2@U?$equal_to@H@2@V?$allocator@U?$pair@$$CBHUGen_t_004615a0_p12cd@@@_STL@@@2@@2@@Z,UNPARSEABLE,
?d_00060da0@@YAXXZ,0x00060DA0,22,Code/gen_asm/d_0005b6c0.asm,?_M_skip_to_next@?$_Hashtable_iterator@U?$pair@$$CBVAsciiString@@PAUAudioEventInfo@@@_STL@@VAsciiString@@U?$hash@VAsciiString@@@rts@@U?$_Select1st@U?$pair@$$CBVAsciiString@@PAUAudioEventInfo@@@_STL@@@2@U?$equal_to@VAsciiString@@@5@V?$allocator@U?$pair@$$CBVAsciiString@@PAUAudioEventInfo@@@_STL@@@2@@_STL@@QAEPAU?$_Hashtable_node@U?$pair@$$CBVAsciiString@@PAUAudioEventInfo@@@_STL@@@2@XZ,UNPARSEABLE,
?d_000611c0@@YAXXZ,0x000611C0,21,Code/gen_asm/d_0005b6c0.asm,?clear@?$hashtable@U?$pair@$$CBHUGen_t_00461b20_p12cd@@@_STL@@HU?$hash@H@2@U?$_Select1st@U?$pair@$$CBHUGen_t_00461b20_p12cd@@@_STL@@@2@U?$equal_to@H@2@V?$allocator@U?$pair@$$CBHUGen_t_00461b20_p12cd@@@_STL@@@2@@_STL@@QAEXXZ,UNPARSEABLE,
?d_000612b0@@YAXXZ,0x000612B0,58,Code/gen_asm/d_0005b6c0.asm,?clear@?$hashtable@U?$pair@$$CBHUGen_t_00461d30_p12cd@@@_STL@@HU?$hash@H@2@U?$_Select1st@U?$pair@$$CBHUGen_t_00461d30_p12cd@@@_STL@@@2@U?$equal_to@H@2@V?$allocator@U?$pair@$$CBHUGen_t_00461d30_p12cd@@@_STL@@@2@@_STL@@QAEXXZ,UNPARSEABLE,
?d_00061470@@YAXXZ,0x00061470,21,Code/gen_asm/d_0005b6c0.asm,?_M_skip_to_next@?$_Hashtable_iterator@U?$pair@$$CBVAsciiString@@PAUAudioEventInfo@@@_STL@@VAsciiString@@U?$hash@VAsciiString@@@rts@@U?$_Select1st@U?$pair@$$CBVAsciiString@@PAUAudioEventInfo@@@_STL@@@2@U?$equal_to@VAsciiString@@@5@V?$allocator@U?$pair@$$CBVAsciiString@@PAUAudioEventInfo@@@_STL@@@2@@_STL@@QAEPAU?$_Hashtable_node@U?$pair@$$CBVAsciiString@@PAUAudioEventInfo@@@_STL@@@2@XZ,UNPARSEABLE,
?d_00083510@@YAXXZ,0x00083510,305,Code/gen_asm/d_0007f6b0.asm,??$_M_insert_dispatch@U?$_List_iterator@PAVGameWindow@@U?$_Const_traits@PAVGameWindow@@@_STL@@@_STL@@@?$list@PAVGameWindow@@V?$allocator@PAVGameWindow@@@_STL@@@_STL@@QAEXU?$_List_iterator@PAVGameWindow@@U?$_Nonconst_traits@PAVGameWindow@@@_STL@@@1@U?$_List_iterator@PAVGameWindow@@U?$_Const_traits@PAVGameWindow@@@_STL@@@1@1ABU__false_type@1@@Z,UNPARSEABLE,
?d_00083690@@YAXXZ,0x00083690,333,Code/gen_asm/d_0007f6b0.asm,??0TwiddlerClassBase@@QAE@XZ,NO-DEFINITION,
?d_000839d0@@YAXXZ,0x000839D0,333,Code/gen_asm/d_0007f6b0.asm,?_M_insert_overflow@?$vector@UGen_t_00483cc0_m4pod@@V?$allocator@UGen_t_00483cc0_m4pod@@@_STL@@@_STL@@IAEXPAUGen_t_00483cc0_m4pod@@ABU3@ABU__false_type@2@I_N@Z,UNPARSEABLE,
?d_000b06b0@@YAXXZ,0x000B06B0,94,Code/gen_asm/d_000aab30.asm,?equal_range@?$_Rb_tree@HU?$pair@$$CBHUGen_t_004b12f0_p12cd@@@_STL@@U?$_Select1st@U?$pair@$$CBHUGen_t_004b12f0_p12cd@@@_STL@@@2@U?$less@H@2@V?$allocator@U?$pair@$$CBHUGen_t_004b12f0_p12cd@@@_STL@@@2@@_STL@@QAE?AU?$pair@U?$_Rb_tree_iterator@U?$pair@$$CBHUGen_t_004b12f0_p12cd@@@_STL@@U?$_Nonconst_traits@U?$pair@$$CBHUGen_t_004b12f0_p12cd@@@_STL@@@2@@_STL@@U12@@2@ABH@Z,UNPARSEABLE,
?d_00113280@@YAXXZ,0x00113280,1396,Code/gen_asm/d_000f93a0.asm,?_M_insert_overflow@?$vector@UGen_t_00513940_m4pod@@V?$allocator@UGen_t_00513940_m4pod@@@_STL@@@_STL@@IAEXPAUGen_t_00513940_m4pod@@ABU3@ABU__false_type@2@I_N@Z,UNPARSEABLE,
?d_001466a0@@YAXXZ,0x001466A0,45,Code/gen_asm/d_00138250.asm,?equal_range@?$hashtable@U?$pair@$$CBHUGen_t_00546810_m12pod@@@_STL@@HU?$hash@H@2@U?$_Select1st@U?$pair@$$CBHUGen_t_00546810_m12pod@@@_STL@@@2@U?$equal_to@H@2@V?$allocator@U?$pair@$$CBHUGen_t_00546810_m12pod@@@_STL@@@2@@_STL@@QAE?AU?$pair@U?$_Ht_iterator@U?$pair@$$CBHUGen_t_00546810_m12pod@@@_STL@@U?$_Nonconst_traits@U?$pair@$$CBHUGen_t_00546810_m12pod@@@_STL@@@2@HU?$hash@H@2@U?$_Select1st@U?$pair@$$CBHUGen_t_00546810_m12pod@@@_STL@@@2@U?$equal_to@H@2@V?$allocator@U?$pair@$$CBHUGen_t_00546810_m12pod@@@_STL@@@2@@_STL@@U12@@2@ABH@Z,UNPARSEABLE,
?d_0015c7a0@@YAXXZ,0x0015C7A0,476,Code/gen_asm/d_00138250.asm,?_M_insert_overflow@?$vector@UGen_t_0055cfc0_m4pod@@V?$allocator@UGen_t_0055cfc0_m4pod@@@_STL@@@_STL@@IAEXPAUGen_t_0055cfc0_m4pod@@ABU3@ABU__false_type@2@I_N@Z,UNPARSEABLE,
?d_00171480@@YAXXZ,0x00171480,54,Code/gen_asm/d_00168d40.asm,??0?$_STLP_alloc_proxy@PAUGen_t_00571f80_m4pod@@U1@V?$allocator@UGen_t_00571f80_m4pod@@@_STL@@@_STL@@QAE@ABV?$allocator@UGen_t_00571f80_m4pod@@@1@PAUGen_t_00571f80_m4pod@@@Z,UNPARSEABLE,
?d_001715a0@@YAXXZ,0x001715A0,53,Code/gen_asm/d_00168d40.asm,??0?$_STLP_alloc_proxy@PAUGen_t_00572070_m4pod@@U1@V?$allocator@UGen_t_00572070_m4pod@@@_STL@@@_STL@@QAE@ABV?$allocator@UGen_t_00572070_m4pod@@@1@PAUGen_t_00572070_m4pod@@@Z,UNPARSEABLE,
?d_00171610@@YAXXZ,0x00171610,53,Code/gen_asm/d_00168d40.asm,??0?$_STLP_alloc_proxy@PAUGen_t_005720e0_m4pod@@U1@V?$allocator@UGen_t_005720e0_m4pod@@@_STL@@@_STL@@QAE@ABV?$allocator@UGen_t_005720e0_m4pod@@@1@PAUGen_t_005720e0_m4pod@@@Z,UNPARSEABLE,
?d_001716d0@@YAXXZ,0x001716D0,53,Code/gen_asm/d_00168d40.asm,??$_M_allocate_and_copy@PAUGen_t_005737f0_p16pod@@@?$vector@UGen_t_005737f0_p16pod@@V?$allocator@UGen_t_005737f0_p16pod@@@_STL@@@_STL@@IAEPAUGen_t_005737f0_p16pod@@IPAU2@0@Z,UNPARSEABLE,
?d_0018cc60@@YAXXZ,0x0018CC60,140,Code/gen_asm/d_00188e80.asm,??$swap@V?$_STLP_alloc_proxy@PAU?$_List_node@UGen_t_0058f0e0_m12cd@@@_STL@@U12@V?$allocator@U?$_List_node@UGen_t_0058f0e0_m12cd@@@_STL@@@2@@_STL@@@_STL@@YAXAAV?$_STLP_alloc_proxy@PAU?$_List_node@UGen_t_0058f0e0_m12cd@@@_STL@@U12@V?$allocator@U?$_List_node@UGen_t_0058f0e0_m12cd@@@_STL@@@2@@0@0@Z,UNPARSEABLE,
?d_00191110@@YAXXZ,0x00191110,495,Code/gen_asm/d_00188e80.asm,?_M_reallocate_map@?$deque@UGen_t_00593270_p12cd@@V?$allocator@UGen_t_00593270_p12cd@@@_STL@@@_STL@@IAEXI_N@Z,UNPARSEABLE,
?d_001c0ba0@@YAXXZ,0x001C0BA0,8,Code/gen_asm/d_001adb10.asm,??0?$_STLP_alloc_proxy@IU?$_Hashtable_node@U?$pair@$$CBHUGen_t_005c28f0_m12pod@@@_STL@@@_STL@@V?$allocator@U?$_Hashtable_node@U?$pair@$$CBHUGen_t_005c28f0_m12pod@@@_STL@@@_STL@@@2@@_STL@@QAE@ABV01@@Z,UNPARSEABLE,
?d_001c28f0@@YAXXZ,0x001C28F0,37,Code/gen_asm/d_001adb10.asm,??$swap@V?$_STLP_alloc_proxy@PAUGen_t_005c3e90_m4pod@@U1@V?$allocator@UGen_t_005c3e90_m4pod@@@_STL@@@_STL@@@_STL@@YAXAAV?$_STLP_alloc_proxy@PAUGen_t_005c3e90_m4pod@@U1@V?$allocator@UGen_t_005c3e90_m4pod@@@_STL@@@0@0@Z,UNPARSEABLE,
?d_001c62b0@@YAXXZ,0x001C62B0,58,Code/gen_asm/d_001adb10.asm,??$_M_allocate_and_copy@PAUGen_t_005c6fc0_p4pod@@@?$vector@UGen_t_005c6fc0_p4pod@@V?$allocator@UGen_t_005c6fc0_p4pod@@@_STL@@@_STL@@IAEPAUGen_t_005c6fc0_p4pod@@IPAU2@0@Z,UNPARSEABLE,
?d_00201b00@@YAXXZ,0x00201B00,84,Code/gen_asm/d_001fecd0.asm,?set@TerrainRoadTypeSetDamageToFXStringShim@@QAEXW4BodyDamageType@@HVAsciiString@@@Z,NO-DEFINITION,
?d_00202c10@@YAXXZ,0x00202C10,175,Code/gen_asm/d_001fecd0.asm,??0W3DTerrainVisualBase@@QAE@XZ,NO-DEFINITION,
?d_0020fa50@@YAXXZ,0x0020FA50,6,Code/gen_asm/d_001fecd0.asm,??0?$_STLP_alloc_proxy@PAUGen_t_006106e0_m4pod@@U1@V?$allocator@UGen_t_006106e0_m4pod@@@_STL@@@_STL@@QAE@ABV?$allocator@UGen_t_006106e0_m4pod@@@1@PAUGen_t_006106e0_m4pod@@@Z,UNPARSEABLE,
?d_0022a220@@YAXXZ,0x0022A220,8,Code/gen_asm/d_00218ee0.asm,??0?$_STLP_alloc_proxy@PAU?$_List_node@UGen_t_0062a360_m4cd@@@_STL@@U12@V?$allocator@U?$_List_node@UGen_t_0062a360_m4cd@@@_STL@@@2@@_STL@@QAE@ABV?$allocator@U?$_List_node@UGen_t_0062a360_m4cd@@@_STL@@@1@PAU?$_List_node@UGen_t_0062a360_m4cd@@@1@@Z,UNPARSEABLE,
?d_0023bfb0@@YAXXZ,0x0023BFB0,63,Code/gen_asm/d_00234360.asm,?_M_reallocate_map@?$deque@UGen_t_0063c4c0_p12cd@@V?$allocator@UGen_t_0063c4c0_p12cd@@@_STL@@@_STL@@IAEXI_N@Z,UNPARSEABLE,
?d_00240200@@YAXXZ,0x00240200,31,Code/gen_asm/d_00234360.asm,??0?$_STLP_alloc_proxy@PAPAUGen_t_00640d30_p12cd@@PAU1@V?$allocator@PAUGen_t_00640d30_p12cd@@@_STL@@@_STL@@QAE@ABV?$allocator@PAUGen_t_00640d30_p12cd@@@1@PAPAUGen_t_00640d30_p12cd@@@Z,UNPARSEABLE,
?d_00260850@@YAXXZ,0x00260850,97,Code/gen_asm/d_00259090.asm,?push_back_aux@DequePingResponseThunkShim@_STL@@QAEXPBX@Z,NO-DEFINITION,
?d_00271890@@YAXXZ,0x00271890,64,Code/gen_asm/d_00259090.asm,?send@NATSendMangledPortShim@@QAEXGPAVGameSlot@@@Z,NO-DEFINITION,
?d_00273730@@YAXXZ,0x00273730,98,Code/gen_asm/d_00259090.asm,?setGameMessageType@NetGameCommandMsg@@QAEXH@Z,NO-DEFINITION,
?d_0027a380@@YAXXZ,0x0027A380,486,Code/gen_asm/d_00259090.asm,?addDisconnectFrameCommand@NetPacket@@IAE_NPAVNetCommandRef@@@Z,LOCATED,Code/GameEngine/Source/GameNetwork/NetPacket.cpp
?d_0027e200@@YAXXZ,0x0027E200,545,Code/gen_asm/d_00259090.asm,?readGameMessage@NetPacket@@KAPAVNetCommandMsg@@PAEAAH@Z,AMBIGUOUS(2),Code/GameEngine/Source/GameNetwork/NetPacket.cpp;Code/GameEngine/Source/GameNetwork/NetPacket_readGameMessage.cpp
?d_002802f0@@YAXXZ,0x002802F0,68,Code/gen_asm/d_00280010.asm,?addAckStage2Command@NetPacket@@IAE_NPAVNetCommandRef@@@Z,LOCATED,Code/GameEngine/Source/GameNetwork/NetPacket.cpp
?d_0029bd50@@YAXXZ,0x0029BD50,18,Code/gen_asm/d_00299d30.asm,??0?$_STLP_alloc_proxy@PAU?$_List_node@UGen_t_0069e1e0_m4cd@@@_STL@@U12@V?$allocator@U?$_List_node@UGen_t_0069e1e0_m4cd@@@_STL@@@2@@_STL@@QAE@ABV?$allocator@U?$_List_node@UGen_t_0069e1e0_m4cd@@@_STL@@@1@PAU?$_List_node@UGen_t_0069e1e0_m4cd@@@1@@Z,UNPARSEABLE,
?d_002a0320@@YAXXZ,0x002A0320,91,Code/gen_asm/d_00299d30.asm,?begin@?$hashtable@U?$pair@$$CBHUGen_t_006a37c0_m12pod@@@_STL@@HU?$hash@H@2@U?$_Select1st@U?$pair@$$CBHUGen_t_006a37c0_m12pod@@@_STL@@@2@U?$equal_to@H@2@V?$allocator@U?$pair@$$CBHUGen_t_006a37c0_m12pod@@@_STL@@@2@@_STL@@QAE?AU?$_Ht_iterator@U?$pair@$$CBHUGen_t_006a37c0_m12pod@@@_STL@@U?$_Nonconst_traits@U?$pair@$$CBHUGen_t_006a37c0_m12pod@@@_STL@@@2@HU?$hash@H@2@U?$_Select1st@U?$pair@$$CBHUGen_t_006a37c0_m12pod@@@_STL@@@2@U?$equal_to@H@2@V?$allocator@U?$pair@$$CBHUGen_t_006a37c0_m12pod@@@_STL@@@2@@2@XZ,UNPARSEABLE,
?d_002dbd20@@YAXXZ,0x002DBD20,399,Code/gen_asm/d_002d3970.asm,?erase@?$_Rb_tree@HU?$pair@$$CBHUGen_t_006defc0_p12cd@@@_STL@@U?$_Select1st@U?$pair@$$CBHUGen_t_006defc0_p12cd@@@_STL@@@2@U?$less@H@2@V?$allocator@U?$pair@$$CBHUGen_t_006defc0_p12cd@@@_STL@@@2@@_STL@@QAEXU?$_Rb_tree_iterator@U?$pair@$$CBHUGen_t_006defc0_p12cd@@@_STL@@U?$_Nonconst_traits@U?$pair@$$CBHUGen_t_006defc0_p12cd@@@_STL@@@2@@2@0@Z,UNPARSEABLE,
?d_002decc0@@YAXXZ,0x002DECC0,163,Code/gen_asm/d_002d3970.asm,?equal_range@?$_Rb_tree@HU?$pair@$$CBHUGen_t_006defc0_p12cd@@@_STL@@U?$_Select1st@U?$pair@$$CBHUGen_t_006defc0_p12cd@@@_STL@@@2@U?$less@H@2@V?$allocator@U?$pair@$$CBHUGen_t_006defc0_p12cd@@@_STL@@@2@@_STL@@QAE?AU?$pair@U?$_Rb_tree_iterator@U?$pair@$$CBHUGen_t_006defc0_p12cd@@@_STL@@U?$_Nonconst_traits@U?$pair@$$CBHUGen_t_006defc0_p12cd@@@_STL@@@2@@_STL@@U12@@2@ABH@Z,UNPARSEABLE,
?d_002eaee0@@YAXXZ,0x002EAEE0,33,Code/gen_asm/d_002d3970.asm,??$__uninitialized_copy@PBUGen_t_006ed210_m12cd@@PAU1@@_STL@@YAPAUGen_t_006ed210_m12cd@@PBU1@0PAU1@ABU__false_type@0@@Z,UNPARSEABLE,
?d_002ed240@@YAXXZ,0x002ED240,20,Code/gen_asm/d_002d3970.asm,??$__copy_backward@PAUGen_t_006ee710_p128pod@@PAU1@H@_STL@@YAPAUGen_t_006ee710_p128pod@@PAU1@00ABUrandom_access_iterator_tag@0@PAH@Z,UNPARSEABLE,
?d_00359440@@YAXXZ,0x00359440,69,Code/gen_asm/d_003519c0.asm,??0W3DFloorDrawModuleDataBase@@QAE@XZ,NO-DEFINITION,
?d_0035d900@@YAXXZ,0x0035D900,47,Code/gen_asm/d_003519c0.asm,??0?$_STLP_alloc_proxy@PAUGen_t_00760af0_m4pod@@U1@V?$allocator@UGen_t_00760af0_m4pod@@@_STL@@@_STL@@QAE@ABV?$allocator@UGen_t_00760af0_m4pod@@@1@PAUGen_t_00760af0_m4pod@@@Z,UNPARSEABLE,
?d_00370730@@YAXXZ,0x00370730,286,Code/gen_asm/d_0036dcc0.asm,?_M_clear@?$vector@UGen_t_007709c0_p24cd@@V?$allocator@UGen_t_007709c0_p24cd@@@_STL@@@_STL@@IAEXXZ,UNPARSEABLE,
?d_00384b40@@YAXXZ,0x00384B40,21,Code/gen_asm/d_0036dcc0.asm,??0?$_STLP_alloc_proxy@PAUGen_t_00785ab0_m4pod@@U1@V?$allocator@UGen_t_00785ab0_m4pod@@@_STL@@@_STL@@QAE@ABV?$allocator@UGen_t_00785ab0_m4pod@@@1@PAUGen_t_00785ab0_m4pod@@@Z,UNPARSEABLE,
?d_00387130@@YAXXZ,0x00387130,38,Code/gen_asm/d_0036dcc0.asm,?insert@RelationshipHashtableInsertShim@_STL@@QAEAAU?$pair@$$CBHW4Relationship@@@2@ABU32@@Z,UNPARSEABLE,
?d_00388030@@YAXXZ,0x00388030,15,Code/gen_asm/d_0036dcc0.asm,?insert_overflow@W3DAnimationInfoInsertOverflowShim@_STL@@QAEXPAVW3DAnimationInfo@@ABV3@ABU__false_type@2@I_N@Z,NO-DEFINITION,
?d_003a0cf0@@YAXXZ,0x003A0CF0,87,Code/gen_asm/d_0039d230.asm,??0?$_STLP_alloc_proxy@PAU?$_List_node@UGen_t_007a23d0_m4cd@@@_STL@@U12@V?$allocator@U?$_List_node@UGen_t_007a23d0_m4cd@@@_STL@@@2@@_STL@@QAE@ABV?$allocator@U?$_List_node@UGen_t_007a23d0_m4cd@@@_STL@@@1@PAU?$_List_node@UGen_t_007a23d0_m4cd@@@1@@Z,UNPARSEABLE,
?d_003d65d0@@YAXXZ,0x003D65D0,139,Code/gen_asm/d_003d5070.asm,??0?$_STLP_alloc_proxy@PAUGen_t_007d69c0_m4pod@@U1@V?$allocator@UGen_t_007d69c0_m4pod@@@_STL@@@_STL@@QAE@ABV?$allocator@UGen_t_007d69c0_m4pod@@@1@PAUGen_t_007d69c0_m4pod@@@Z,UNPARSEABLE,
?d_00453c90@@YAXXZ,0x00453C90,45,Code/gen_asm/d_00436850.asm,?load@INI@@QAEXVAsciiString@@HHPAX@Z,AMBIGUOUS(2),Code/GameEngine/Source/Common/INI/ini.cpp;Code/GameEngine/Source/Common/INI/INI_stl.cpp
?d_00467cb0@@YAXXZ,0x00467CB0,9,Code/gen_asm/d_0045eb10.asm,_AllKeysPresent,UNPARSEABLE,
?d_0047cfd0@@YAXXZ,0x0047CFD0,59,Code/gen_asm/d_0047ab00.asm,_ghiPostStateInit,UNPARSEABLE,
?d_0047ede0@@YAXXZ,0x0047EDE0,314,Code/gen_asm/d_0047ab00.asm,?calcBoundingStuff@GeometryInfo@@AAEXXZ,LOCATED,Code/GameEngine/Source/Common/System/Geometry.cpp
?d_0048eb30@@YAXXZ,0x0048EB30,53,Code/gen_asm/d_0047ab00.asm,?DebugAllocMemory@@YAPAXI@Z,UNPARSEABLE,
?d_004916d0@@YAXXZ,0x004916D0,338,Code/gen_asm/d_0047ab00.asm,??1Gen_uwm_00891800@@QAE@XZ,NO-DEFINITION,
?d_00493e70@@YAXXZ,0x00493E70,17,Code/gen_asm/d_0047ab00.asm,??1Gen_uw_00893e70@@QAE@XZ,NO-DEFINITION,
?d_0049a120@@YAXXZ,0x0049A120,33,Code/gen_asm/d_0047ab00.asm,?destroyBody@Rva89A110DeletingDestructorThunk@@QAEXXZ,NO-DEFINITION,
?d_004c5be0@@YAXXZ,0x004C5BE0,58,Code/gen_asm/d_004ad980.asm,??1Gen_uwm_008c5c00@@QAE@XZ,NO-DEFINITION,
?d_004d7e60@@YAXXZ,0x004D7E60,1202,Code/gen_asm/d_004ce980.asm,?Multiply@Matrix3D@@SAXABV1@0PAV1@@Z,AMBIGUOUS(8),Code/Libraries/Source/WWVegas/WW3D2/animobj.cpp;Code/Libraries/Source/WWVegas/WW3D2/decalsys.cpp;Code/Libraries/Source/WWVegas/WW3D2/hlod.cpp;Code/Libraries/Source/WWVegas/WW3D2/htree.cpp
?d_004e0a70@@YAXXZ,0x004E0A70,1248,Code/gen_asm/d_004ce980.asm,?Collide@CollisionMath@@SA_NABVAABoxClass@@ABVVector3@@ABVTriClass@@PAUCastResultStruct@@@Z,AMBIGUOUS(14),Code/Libraries/Source/WWVegas/WW3D2/aabtree.cpp;Code/Libraries/Source/WWVegas/WW3D2/AABTreeClass_Cast_AABox_To_Polys_Thunk.cpp;Code/Libraries/Source/WWVegas/WW3D2/AABTreeClass_Cast_OBBox_To_Polys_Thunk.cpp;Code/Libraries/Source/WWVegas/WW3D2/AABTreeClass_Intersect_OBBox_With_Polys_Thunk.cpp
?d_004f95a0@@YAXXZ,0x004F95A0,13,Code/gen_asm/d_004e1090.asm,?m@T_008f95a0@@QAEXXZ,NO-DEFINITION,
?d_00504600@@YAXXZ,0x00504600,1372,Code/gen_asm/d_004e1090.asm,?Apply_Render_State_Changes@DX8Wrapper@@SAXXZ,AMBIGUOUS(17),Code/Libraries/Source/WWVegas/WW3D2/dx8renderer.cpp;Code/Libraries/Source/WWVegas/WW3D2/dx8wrapper.cpp;Code/Libraries/Source/WWVegas/WW3D2/render2d.cpp;Code/Libraries/Source/WWVegas/WW3D2/sortingrenderer.cpp
?d_005052a0@@YAXXZ,0x005052A0,20,Code/gen_asm/d_004e1090.asm,?Set_Render_Target@DX8Wrapper@@SAXPAUIDirect3DSurface8@@_N@Z,AMBIGUOUS(5),Code/Libraries/Source/WWVegas/WW3D2/dx8wrapper.cpp;Code/Libraries/Source/WWVegas/WW3D2/dx8wrapper.h;Code/Libraries/Source/WWVegas/WW3D2/DX8Wrapper_Set_Render_Target_SwapChain_Thunk.cpp;Code/Libraries/Source/WWVegas/WW3D2/texproject.cpp
?d_00517b60@@YAXXZ,0x00517B60,330,Code/gen_asm/d_0050fec0.asm,?Render@PointGroupClass@@QAEXAAVRenderInfoClass@@H@Z,LOCATED,Code/Libraries/Source/WWVegas/WW3D2/pointgr.cpp
?d_0051b4d0@@YAXXZ,0x0051B4D0,112,Code/gen_asm/d_0050fec0.asm,?supportTextureFormat@W3DRadarFormatCaps@@QAE_NW4WW3DFormat@@@Z,LOCATED,Code/GameEngineDevice/Source/W3DDevice/Common/W3DRadarFormatCaps_supportTextureFormat.cpp
?d_0051d020@@YAXXZ,0x0051D020,7,Code/gen_asm/d_0050fec0.asm,??1Gen_uw_0091d020@@QAE@XZ,NO-DEFINITION,
?d_0051d410@@YAXXZ,0x0051D410,25,Code/gen_asm/d_0050fec0.asm,??0WriteLockClass@DynamicIBAccessClass@@QAE@PAV1@@Z,AMBIGUOUS(3),Code/Libraries/Source/WWVegas/WW3D2/dx8indexbuffer.cpp;Code/Libraries/Source/WWVegas/WW3D2/dx8vertexbuffer.cpp;Code/Libraries/Source/WWVegas/WW3D2/VertexBufferWriteLockConstructorThunk.cpp
?d_0051d9b0@@YAXXZ,0x0051D9B0,20,Code/gen_asm/d_0050fec0.asm,?Add_Engine_Ref@VertexBufferClass@@QBEXXZ,LOCATED,Code/Libraries/Source/WWVegas/WW3D2/dx8vertexbuffer.cpp
?d_0051de70@@YAXXZ,0x0051DE70,321,Code/gen_asm/d_0050fec0.asm,??1Gen_uw_0091df50@@QAE@XZ,NO-DEFINITION,
?d_0051e1a0@@YAXXZ,0x0051E1A0,175,Code/gen_asm/d_0050fec0.asm,?Copy@DX8VertexBufferClass@@QAEXPBVVector3@@0PBVVector2@@II@Z,LOCATED,Code/Libraries/Source/WWVegas/WW3D2/dx8vertexbuffer.cpp
?d_0051eb30@@YAXXZ,0x0051EB30,25,Code/gen_asm/d_0050fec0.asm,?Copy@DX8VertexBufferClass@@QAEXPBVVector3@@0PBVVector2@@PBVVector4@@II@Z,LOCATED,Code/Libraries/Source/WWVegas/WW3D2/dx8vertexbuffer.cpp
?d_00521f80@@YAXXZ,0x00521F80,48,Code/gen_asm/d_0050fec0.asm,??1Gen_dtor_00921f80@@UAE@XZ,NO-DEFINITION,
?d_0052b6a0@@YAXXZ,0x0052B6A0,25,Code/gen_asm/d_0050fec0.asm,??1Gen_dtor_0092ba20@@UAE@XZ,NO-DEFINITION,
?d_0052b6e0@@YAXXZ,0x0052B6E0,49,Code/gen_asm/d_0050fec0.asm,??0?$ShareBufferClass@VVector2@@@@QAE@ABV0@@Z,UNPARSEABLE,
?d_0053c280@@YAXXZ,0x0053C280,373,Code/gen_asm/d_0052bd50.asm,??1Gen_uw_0093c330@@QAE@XZ,NO-DEFINITION,
?d_0053dbe0@@YAXXZ,0x0053DBE0,554,Code/gen_asm/d_0052bd50.asm,?Build_Textures@Render2DSentenceClass@@AAEXXZ,AMBIGUOUS(2),Code/Libraries/Source/WWVegas/WW3D2/render2dsentence.cpp;Code/GameEngine/Source/Common/Render2DSentenceClass_Build_TexturesMethodThunk.cpp
?d_00546540@@YAXXZ,0x00546540,8,Code/gen_asm/d_0052bd50.asm,??1Gen_dtor_00947d10@@UAE@XZ,NO-DEFINITION,
?d_0054ea60@@YAXXZ,0x0054EA60,63,Code/gen_asm/d_0052bd50.asm,??1Gen_dtor_0094f0c0@@UAE@XZ,NO-DEFINITION,
?d_00553520@@YAXXZ,0x00553520,371,Code/gen_asm/d_0054f920.asm,?Simple_Evaluate_Pivot@HTreeClass@@QBE_NPAVHAnimClass@@HMABVMatrix3D@@PAV3@@Z,LOCATED,Code/Libraries/Source/WWVegas/WW3D2/htree.cpp
?d_00569330@@YAXXZ,0x00569330,10,Code/gen_asm/d_0054f920.asm,??1Gen_dtor_00969310@@UAE@XZ,NO-DEFINITION,
?d_00569c80@@YAXXZ,0x00569C80,49,Code/gen_asm/d_0054f920.asm,??1Gen_dtor_00969c70@@UAE@XZ,NO-DEFINITION,
?d_0056a0d0@@YAXXZ,0x0056A0D0,80,Code/gen_asm/d_0054f920.asm,??1Gen_dtor_0096a0d0@@UAE@XZ,NO-DEFINITION,
?d_0056a900@@YAXXZ,0x0056A900,33,Code/gen_asm/d_0054f920.asm,??1Gen_dtor_0096aca0@@UAE@XZ,NO-DEFINITION,
?d_0056be90@@YAXXZ,0x0056BE90,21,Code/gen_asm/d_0054f920.asm,??1Gen_uw_0096be90@@QAE@XZ,NO-DEFINITION,
?d_00571810@@YAXXZ,0x00571810,11,Code/gen_asm/d_0054f920.asm,?Get_HTree@@YAPAVHTreeClass@@PBD@Z,UNPARSEABLE,
?d_00572290@@YAXXZ,0x00572290,80,Code/gen_asm/d_00572210.asm,??1Gen_dtor_00972460@@UAE@XZ,NO-DEFINITION,
?d_00572920@@YAXXZ,0x00572920,55,Code/gen_asm/d_00572210.asm,??1Gen_dtor_00972930@@UAE@XZ,NO-DEFINITION,
?d_00572970@@YAXXZ,0x00572970,61,Code/gen_asm/d_00572210.asm,??1Gen_dtor_00972960@@UAE@XZ,NO-DEFINITION,
?d_00574df0@@YAXXZ,0x00574DF0,91,Code/gen_asm/d_00572210.asm,??1NamedPivotMapClass@@UAE@XZ,LOCATED,Code/Libraries/Source/WWVegas/WW3D2/hanim.cpp
?d_00582540@@YAXXZ,0x00582540,41,Code/gen_asm/d_00572210.asm,?Compute_Current_Frame@Animatable3DObjClass@@IBEMPAM@Z,LOCATED,Code/Libraries/Source/WWVegas/WW3D2/animobj.cpp
?d_00588f50@@YAXXZ,0x00588F50,32,Code/gen_asm/d_00572210.asm,?Get_Texture@ParticleBufferClass@@QBE?AVTextureHandleClass@1@XZ,AMBIGUOUS(2),Code/Libraries/Source/WWVegas/WW3D2/ParticleBufferClassGetTextureThunk.cpp;Code/Libraries/Source/WWVegas/WW3D2/part_buf.cpp
?d_00599610@@YAXXZ,0x00599610,25,Code/gen_asm/d_0058aec0.asm,_luaH_new,UNPARSEABLE,
?d_0059f720@@YAXXZ,0x0059F720,284,Code/gen_asm/d_0058aec0.asm,_luaK_tostack,UNPARSEABLE,
?d_005c9c40@@YAXXZ,0x005C9C40,50,Code/gen_asm/d_005bf0a0.asm,??1?$_Rb_tree@VAsciiString@@U?$pair@$$CBVAsciiString@@PAVArchiveFile@@@_STL@@U?$_Select1st@U?$pair@$$CBVAsciiString@@PAVArchiveFile@@@_STL@@@3@U?$less@VAsciiString@@@3@V?$allocator@U?$pair@$$CBVAsciiString@@PAVArchiveFile@@@_STL@@@3@@_STL@@QAE@XZ,UNPARSEABLE,
?d_005cbd20@@YAXXZ,0x005CBD20,19,Code/gen_asm/d_005bf0a0.asm,??1Gen_uwm_009cbd20@@QAE@XZ,NO-DEFINITION,
?d_005cc640@@YAXXZ,0x005CC640,17,Code/gen_asm/d_005bf0a0.asm,??0ArchivedFileInfo@@QAE@XZ,LOCATED,Code/GameEngine/Source/Common/System/ArchivedFileInfoCopyConstructorThunk.cpp
?d_005cf180@@YAXXZ,0x005CF180,85,Code/gen_asm/d_005bf0a0.asm,??0?$pair@$$CBUGen_t_009cf3c0_k4@@UGen_t_009cf3c0_p12cd@@@_STL@@QAE@ABU01@@Z,UNPARSEABLE,
?d_005d10e0@@YAXXZ,0x005D10E0,66,Code/gen_asm/d_005bf0a0.asm,?addFile@ArchiveFile@@QAEXABVAsciiString@@PBUArchivedFileInfo@@@Z,LOCATED,Code/GameEngine/Source/Common/System/ArchiveFile.cpp
?d_005e24b0@@YAXXZ,0x005E24B0,46,Code/gen_asm/d_005bf0a0.asm,??1Gen_uw_009e24b0@@QAE@XZ,NO-DEFINITION,
?d_005e2630@@YAXXZ,0x005E2630,46,Code/gen_asm/d_005bf0a0.asm,?Delete@?$List@PAUINISection@@@@QAEXXZ,UNPARSEABLE,
?d_005e26a0@@YAXXZ,0x005E26A0,8,Code/gen_asm/d_005bf0a0.asm,?Remove_Index@?$IndexClass@HPAUINIEntry@@@@QAE_NABH@Z,UNPARSEABLE,
?d_005e2730@@YAXXZ,0x005E2730,8,Code/gen_asm/d_005bf0a0.asm,?Remove_Index@?$IndexClass@HPAUINISection@@@@QAE_NABH@Z,UNPARSEABLE,
?d_005e2fa0@@YAXXZ,0x005E2FA0,53,Code/gen_asm/d_005bf0a0.asm,?Search_For_Node@?$IndexClass@HPAUINISection@@@@ABEPBUNodeElement@1@ABH@Z,UNPARSEABLE,
?d_005e6410@@YAXXZ,0x005E6410,8,Code/gen_asm/d_005bf0a0.asm,?nstrdup@@YAPADPBD@Z,UNPARSEABLE,
?d_005e7dc0@@YAXXZ,0x005E7DC0,8,Code/gen_asm/d_005bf0a0.asm,??1FilePipe@@UAE@XZ,LOCATED,Code/Libraries/Source/WWVegas/WWLib/xpipe.cpp
?d_005ee360@@YAXXZ,0x005EE360,7,Code/gen_asm/d_005e97b0.asm,?_M_reallocate_map@?$deque@HV?$allocator@H@_STL@@@_STL@@IAEXI_N@Z,UNPARSEABLE,
?d_005ee5e0@@YAXXZ,0x005EE5E0,78,Code/gen_asm/d_005e97b0.asm,??1Gen_uw_009ee610@@QAE@XZ,NO-DEFINITION,
?d_005f5530@@YAXXZ,0x005F5530,43,Code/gen_asm/d_005e97b0.asm,??1Gen_uw_009f5530@@QAE@XZ,NO-DEFINITION,
?d_005faa40@@YAXXZ,0x005FAA40,117,Code/gen_asm/d_005e97b0.asm,_D3DXVec4Transform@12,UNPARSEABLE,
?d_00702330@@YAXXZ,0x00702330,110,Code/gen_asm/d_006e7d70.asm,??0Vector3HollowSphereRandomizer@@QAE@M@Z,LOCATED,Code/Libraries/Source/WWVegas/WWMath/v3_rnd.cpp
