twin_rva,size,source,object_symbol,slot_state
0x000695D3,8,Code/GameEngine/Source/Common/VirtualSlot5CallThunk.cpp,?IgnoreTwoArgumentsReturnOneThunk@@YGHHH@Z,scaffold
0x000699B3,8,Code/GameEngine/Source/Common/VirtualSlot5CallThunk.cpp,?IgnoreTwoArgumentsReturnOneThunk@@YGHHH@Z,scaffold
0x00069AE3,8,Code/GameEngine/Source/Common/VirtualSlot5CallThunk.cpp,?IgnoreTwoArgumentsReturnOneThunk@@YGHHH@Z,scaffold
0x00069B63,8,Code/GameEngine/Source/Common/VirtualSlot5CallThunk.cpp,?IgnoreTwoArgumentsReturnOneThunk@@YGHHH@Z,scaffold
0x0006E8D8,8,Code/Libraries/Source/WWVegas/WW3D2/dx8renderer.cpp,?Clear_Render_List@DX8TextureCategoryClass@@QAEXXZ,scaffold
0x0007B5BC,10,Code/GameEngine/Source/Common/ConditionalPointerStoreThunk.cpp,?assignSecond@ConditionalPointerStoreThunk@@QAEXPAX@Z,scaffold
0x000970B4,8,Code/GameEngineDevice/Source/W3DDevice/GameClient/Shadow/W3DVolumetricShadow.cpp,?init@W3DShadowGeometry@@QAEHPAVRenderObjClass@@@Z,scaffold
0x000A00A4,8,Code/GameEngine/Source/GameNetwork/udp.cpp,?ClearStatus@UDP@@QAEXXZ,scaffold
0x000C3D93,17,Code/GameEngine/Source/GameLogic/AI/SupplyTruckAIUpdate_updateAndPrivateDock_Thunk.cpp,?getCurrentStateID@StateMachine@@QBEIXZ,scaffold
0x000C8998,10,Code/GameEngine/Source/Common/Audio/AudioEventRTS.cpp,?setPlayingHandle@AudioEventRTS@@QAEXI@Z,scaffold
0x000EC241,8,Code/GameEngineDevice/Source/W3DDevice/GameClient/Shadow/W3DVolumetricShadow.cpp,?init@W3DShadowGeometry@@QAEHPAVRenderObjClass@@@Z,scaffold
0x000EC292,8,Code/GameEngineDevice/Source/W3DDevice/GameClient/Shadow/W3DVolumetricShadow.cpp,?init@W3DShadowGeometry@@QAEHPAVRenderObjClass@@@Z,scaffold
0x000EC45F,8,Code/GameEngineDevice/Source/W3DDevice/GameClient/Shadow/W3DVolumetricShadow.cpp,?init@W3DShadowGeometry@@QAEHPAVRenderObjClass@@@Z,scaffold
0x00131BA7,8,Code/GameEngineDevice/Source/W3DDevice/GameClient/Shadow/W3DVolumetricShadow.cpp,?init@W3DShadowGeometry@@QAEHPAVRenderObjClass@@@Z,scaffold
0x0015A2A8,8,Code/GameEngineDevice/Source/W3DDevice/GameClient/Shadow/W3DVolumetricShadow.cpp,?init@W3DShadowGeometry@@QAEHPAVRenderObjClass@@@Z,scaffold
0x001606EC,8,Code/GameEngineDevice/Source/W3DDevice/GameClient/Shadow/W3DVolumetricShadow.cpp,?init@W3DShadowGeometry@@QAEHPAVRenderObjClass@@@Z,scaffold
0x001608BC,8,Code/GameEngineDevice/Source/W3DDevice/GameClient/Shadow/W3DVolumetricShadow.cpp,?init@W3DShadowGeometry@@QAEHPAVRenderObjClass@@@Z,scaffold
0x0018EE25,8,Code/Libraries/Source/WWVegas/WW3D2/assetmgr.cpp,?First@AssetIterator@@UAEXXZ,scaffold
0x0018F2C7,10,Code/GameEngine/Source/GameClient/Drawable.cpp,?setDrawableOpacity@Drawable@@QAEXM@Z,scaffold
0x001B2D83,8,Code/Libraries/Source/WWVegas/WW3D2/dx8renderer.cpp,?Clear_Render_List@DX8TextureCategoryClass@@QAEXXZ,scaffold
0x001DC893,11,Code/GameEngine/Source/GameLogic/Object/Object.cpp,?getPlayerMask@Player@@QBEGXZ,scaffold
0x001DE24A,8,Code/GameEngine/Source/Common/VirtualSlot5CallThunk.cpp,?IgnoreTwoArgumentsReturnOneThunk@@YGHHH@Z,scaffold
0x001DE286,8,Code/GameEngine/Source/Common/VirtualSlot5CallThunk.cpp,?IgnoreTwoArgumentsReturnOneThunk@@YGHHH@Z,scaffold
0x001EB3C4,20,Code/GameEngineDevice/Source/W3DDevice/GameClient/Drawable/Draw/W3DModelDraw.cpp,?clear@TurretInfo@ModelConditionInfo@@QAEXXZ,scaffold
0x001EDAB2,8,Code/GameEngineDevice/Source/W3DDevice/GameClient/Shadow/W3DVolumetricShadow.cpp,?init@W3DShadowGeometry@@QAEHPAVRenderObjClass@@@Z,scaffold
0x00230070,15,Code/GameEngine/Source/GameLogic/Object/Behavior/FlightDeckBehavior.cpp,??A?$vector@UFlightDeckInfo@FlightDeckBehavior@@V?$allocator@UFlightDeckInfo@FlightDeckBehavior@@@_STL@@@_STL@@QAEAAUFlightDeckInfo@FlightDeckBehavior@@I@Z,unclaimed
0x002324ED,8,Code/GameEngine/Source/Common/VirtualSlot5CallThunk.cpp,?IgnoreTwoArgumentsReturnOneThunk@@YGHHH@Z,scaffold
0x00253D7C,8,Code/GameEngineDevice/Source/W3DDevice/GameClient/Shadow/W3DVolumetricShadow.cpp,?init@W3DShadowGeometry@@QAEHPAVRenderObjClass@@@Z,scaffold
0x00257570,13,Code/GameEngine/Source/GameLogic/Object/Update/AIUpdate/DozerAIUpdate.cpp,?getDisabledTypesToProcess@AIUpdateInterface@@UBE?AV?$BitFlags@$0N@@@XZ,unclaimed
0x00322079,11,Code/GameEngine/Source/Common/CampaignManagerDestructorThunk.cpp,?deleteInstance@Campaign@@QAEXXZ,scaffold
0x00322755,8,Code/GameEngineDevice/Source/W3DDevice/GameClient/Shadow/W3DVolumetricShadow.cpp,?init@W3DShadowGeometry@@QAEHPAVRenderObjClass@@@Z,scaffold
0x003376D0,13,Code/GameEngine/Source/Common/OneWordCopyThunk.cpp,?copyFrom@OneWordCopyThunk@@QAEPAU1@PBU1@@Z,unclaimed
0x0034C5A0,13,Code/GameEngine/Source/Common/OneWordCopyThunk.cpp,?copyFrom@OneWordCopyThunk@@QAEPAU1@PBU1@@Z,unclaimed
0x0034C5D0,11,Code/Libraries/Source/WWVegas/WWMath/gridcull.cpp,?Is_Done@GridListIterator@@QAE_NXZ,unclaimed
0x00355915,8,Code/GameEngineDevice/Source/W3DDevice/GameClient/Shadow/W3DVolumetricShadow.cpp,?init@W3DShadowGeometry@@QAEHPAVRenderObjClass@@@Z,scaffold
0x003559A5,8,Code/GameEngineDevice/Source/W3DDevice/GameClient/Shadow/W3DVolumetricShadow.cpp,?init@W3DShadowGeometry@@QAEHPAVRenderObjClass@@@Z,scaffold
0x00360895,8,Code/GameEngine/Source/Common/VirtualSlot5CallThunk.cpp,?IgnoreTwoArgumentsReturnOneThunk@@YGHHH@Z,scaffold
0x0036C960,8,Code/GameEngine/Source/Common/Rva92A10PointerOffsetThunk.cpp,?rva_92a10_pointer_offset@@YAPADPAD@Z,unclaimed
0x00378FA0,13,Code/GameEngine/Source/Common/OneWordCopyThunk.cpp,?copyFrom@OneWordCopyThunk@@QAEPAU1@PBU1@@Z,unclaimed
0x00378FB0,15,Code/GameEngine/Source/Common/Rva189DD0HeadPopThunk.cpp,?pop@Rva189DD0HeadPopThunk@@QAEPAPAURva189DD0Node@@PAPAU2@H@Z,unclaimed
0x0037D6E0,17,Code/GameEngine/Source/Common/DamageFX.cpp,?_M_bkt_num@?$hashtable@U?$pair@$$CBW4NameKeyType@@VDamageFX@@@_STL@@W4NameKeyType@@U?$hash@W4NameKeyType@@@rts@@U?$_Select1st@U?$pair@$$CBW4NameKeyType@@VDamageFX@@@_STL@@@2@U?$equal_to@W4NameKeyType@@@5@V?$allocator@U?$pair@$$CBW4NameKeyType@@VDamageFX@@@_STL@@@2@@_STL@@ABEIABU?$pair@$$CBW4NameKeyType@@VDamageFX@@@2@I@Z,unclaimed
0x003BD420,11,Code/GameEngine/Source/Common/MoneyVectorPushBack.cpp,?empty@?$vector@VMoney@@V?$allocator@VMoney@@@_STL@@@_STL@@QBE_NXZ,unclaimed
0x003D4C2C,8,Code/GameEngineDevice/Source/W3DDevice/GameClient/Shadow/W3DVolumetricShadow.cpp,?init@W3DShadowGeometry@@QAEHPAVRenderObjClass@@@Z,scaffold
0x003D6C10,8,Code/GameEngine/Source/Common/RvaA02C0PointerOffsetThunk.cpp,?rva_a02c0_pointer_offset@@YAPADPAD@Z,unclaimed
0x003FE218,8,Code/GameEngine/Source/Common/VirtualSlot5CallThunk.cpp,?IgnoreTwoArgumentsReturnOneThunk@@YGHHH@Z,scaffold
0x0040C070,15,Code/GameEngine/Source/Common/Rva189DD0HeadPopThunk.cpp,?pop@Rva189DD0HeadPopThunk@@QAEPAPAURva189DD0Node@@PAPAU2@H@Z,unclaimed
0x00410620,14,Code/GameEngine/Source/GameLogic/Object/ExperienceTracker.cpp,?getExperienceRequired@ThingTemplate@@QBEHH@Z,unclaimed
0x00410C70,18,Code/Libraries/Source/WWVegas/WWLib/ini.cpp,??0?$TPoint2D@H@@QAE@HH@Z,unclaimed
0x00427BB0,18,Code/Libraries/Source/WWVegas/WWLib/ini.cpp,??0?$TPoint2D@H@@QAE@HH@Z,unclaimed
0x0042E3D5,8,Code/GameEngineDevice/Source/W3DDevice/GameClient/Shadow/W3DVolumetricShadow.cpp,?init@W3DShadowGeometry@@QAEHPAVRenderObjClass@@@Z,scaffold
0x0043BDD0,15,Code/GameEngine/Source/Common/Rva189DD0HeadPopThunk.cpp,?pop@Rva189DD0HeadPopThunk@@QAEPAPAURva189DD0Node@@PAPAU2@H@Z,unclaimed
0x0044F67D,8,Code/GameEngineDevice/Source/W3DDevice/GameClient/Shadow/W3DVolumetricShadow.cpp,?init@W3DShadowGeometry@@QAEHPAVRenderObjClass@@@Z,scaffold
0x004655CA,8,Code/GameEngine/Source/Common/VirtualSlot5CallThunk.cpp,?IgnoreTwoArgumentsReturnOneThunk@@YGHHH@Z,scaffold
0x00472720,10,Code/GameEngine/Source/Common/Rva87820PointerPresent.cpp,?has_value@Rva87820PointerPresent@@QAEIXZ,unclaimed
0x00477D45,8,Code/GameEngineDevice/Source/W3DDevice/GameClient/Shadow/W3DVolumetricShadow.cpp,?init@W3DShadowGeometry@@QAEHPAVRenderObjClass@@@Z,scaffold
0x0047D7C0,10,Code/GameEngine/Source/GameLogic/Object/Contain/OpenContain.cpp,??E?$reverse_iterator@U?$_List_iterator@PAVObject@@U?$_Const_traits@PAVObject@@@_STL@@@_STL@@@_STL@@QAEAAV01@XZ,unclaimed
0x0047E2D0,15,Code/GameEngine/Source/Common/Rva189DD0HeadPopThunk.cpp,?pop@Rva189DD0HeadPopThunk@@QAEPAPAURva189DD0Node@@PAPAU2@H@Z,unclaimed
0x00489720,15,Code/GameEngine/Source/Common/Rva189DD0HeadPopThunk.cpp,?pop@Rva189DD0HeadPopThunk@@QAEPAPAURva189DD0Node@@PAPAU2@H@Z,unclaimed
0x00489770,15,Code/GameEngine/Source/Common/Rva189DD0HeadPopThunk.cpp,?pop@Rva189DD0HeadPopThunk@@QAEPAPAURva189DD0Node@@PAPAU2@H@Z,unclaimed
0x00499F40,26,Code/GameEngine/Source/Common/VirtualSlot5CallThunk.cpp,?release@ReferencePointerReleaseThunk@@QAEXXZ,unclaimed
0x0049D530,13,Code/GameEngine/Source/Common/OneWordCopyThunk.cpp,?copyFrom@OneWordCopyThunk@@QAEPAU1@PBU1@@Z,unclaimed
0x004AADC0,15,Code/GameEngine/Source/Common/Rva189DD0HeadPopThunk.cpp,?pop@Rva189DD0HeadPopThunk@@QAEPAPAURva189DD0Node@@PAPAU2@H@Z,unclaimed
0x004AFD00,8,Code/GameEngine/Source/Common/AdvanceHeaderPointerThunk.cpp,?advanceHeaderPointer@@YAPAEPAE@Z,unclaimed
0x004B21A4,8,Code/GameEngineDevice/Source/W3DDevice/GameClient/Shadow/W3DVolumetricShadow.cpp,?init@W3DShadowGeometry@@QAEHPAVRenderObjClass@@@Z,scaffold
0x004C1194,8,Code/GameEngineDevice/Source/W3DDevice/GameClient/Shadow/W3DVolumetricShadow.cpp,?init@W3DShadowGeometry@@QAEHPAVRenderObjClass@@@Z,scaffold
0x00510B26,11,Code/GameEngine/Source/Common/CampaignManagerDestructorThunk.cpp,?deleteInstance@Campaign@@QAEXXZ,scaffold
0x00510B95,11,Code/GameEngine/Source/Common/CampaignManagerDestructorThunk.cpp,?deleteInstance@Campaign@@QAEXXZ,scaffold
0x00537E00,13,Code/GameEngine/Source/Common/OneWordCopyThunk.cpp,?copyFrom@OneWordCopyThunk@@QAEPAU1@PBU1@@Z,unclaimed
0x00588A10,18,Code/Libraries/Source/WWVegas/WWLib/ini.cpp,??0?$TPoint2D@H@@QAE@HH@Z,unclaimed
0x0059BCE7,10,Code/GameEngine/Source/GameClient/GUI/GameWindowTransitionsStyles.cpp,?skip@FullFadeTransition@@UAEXXZ,scaffold
0x005A03C7,10,Code/GameEngine/Source/GameClient/GUI/GameWindowTransitionsStyles.cpp,?skip@FullFadeTransition@@UAEXXZ,scaffold
0x005BE812,11,Code/GameEngine/Source/Common/CampaignManagerDestructorThunk.cpp,?deleteInstance@Campaign@@QAEXXZ,unclaimed
0x005BE870,9,Code/GameEngine/Source/GameLogic/Object/Object.cpp,??0?$BitFlags@$0BB@@@QAE@XZ,unclaimed
0x005BE890,9,Code/GameEngine/Source/GameLogic/Object/Object.cpp,??0?$BitFlags@$0BB@@@QAE@XZ,unclaimed
0x005BE8B0,9,Code/GameEngine/Source/GameLogic/Object/Object.cpp,??0?$BitFlags@$0BB@@@QAE@XZ,unclaimed
0x005BE8D0,9,Code/GameEngine/Source/GameLogic/Object/Object.cpp,??0?$BitFlags@$0BB@@@QAE@XZ,unclaimed
0x005BE930,9,Code/GameEngine/Source/GameLogic/Object/Object.cpp,??0?$BitFlags@$0BB@@@QAE@XZ,unclaimed
0x005BE950,9,Code/GameEngine/Source/GameLogic/Object/Object.cpp,??0?$BitFlags@$0BB@@@QAE@XZ,unclaimed
0x005BE970,9,Code/GameEngine/Source/GameLogic/Object/Object.cpp,??0?$BitFlags@$0BB@@@QAE@XZ,unclaimed
0x005BE990,9,Code/GameEngine/Source/GameLogic/Object/Object.cpp,??0?$BitFlags@$0BB@@@QAE@XZ,unclaimed
0x005BE9B0,9,Code/GameEngine/Source/GameLogic/Object/Object.cpp,??0?$BitFlags@$0BB@@@QAE@XZ,unclaimed
0x005BEE70,9,Code/GameEngine/Source/GameLogic/Object/Object.cpp,??0?$BitFlags@$0BB@@@QAE@XZ,unclaimed
0x005BEE90,9,Code/GameEngine/Source/GameLogic/Object/Object.cpp,??0?$BitFlags@$0BB@@@QAE@XZ,unclaimed
0x005BEEB0,9,Code/GameEngine/Source/GameLogic/Object/Object.cpp,??0?$BitFlags@$0BB@@@QAE@XZ,unclaimed
0x005BEED0,9,Code/GameEngine/Source/GameLogic/Object/Object.cpp,??0?$BitFlags@$0BB@@@QAE@XZ,unclaimed
0x005BEEF0,9,Code/GameEngine/Source/GameLogic/Object/Object.cpp,??0?$BitFlags@$0BB@@@QAE@XZ,unclaimed
0x005BEF10,9,Code/GameEngine/Source/GameLogic/Object/Object.cpp,??0?$BitFlags@$0BB@@@QAE@XZ,unclaimed
0x005BEF30,9,Code/GameEngine/Source/GameLogic/Object/Object.cpp,??0?$BitFlags@$0BB@@@QAE@XZ,unclaimed
0x005C0EB0,9,Code/GameEngine/Source/Common/LongPointerRangeThunk.cpp,?size@LongPointerRangeThunk@@QBEJXZ,unclaimed
0x005C0FB4,10,Code/GameEngine/Source/Common/RTS/Player.cpp,?done@?$DLINK_ITERATOR@VObject@@@@QBE_NXZ,scaffold
0x005C1C90,9,Code/GameEngine/Source/GameLogic/Object/Object.cpp,??0?$BitFlags@$0BB@@@QAE@XZ,unclaimed
0x005C1CB0,9,Code/GameEngine/Source/GameLogic/Object/Object.cpp,??0?$BitFlags@$0BB@@@QAE@XZ,unclaimed
0x005C1CD0,9,Code/GameEngine/Source/GameLogic/Object/Object.cpp,??0?$BitFlags@$0BB@@@QAE@XZ,unclaimed
0x005C1CF0,9,Code/GameEngine/Source/GameLogic/Object/Object.cpp,??0?$BitFlags@$0BB@@@QAE@XZ,unclaimed
0x005C1D10,9,Code/GameEngine/Source/GameLogic/Object/Object.cpp,??0?$BitFlags@$0BB@@@QAE@XZ,unclaimed
0x005C1D30,9,Code/GameEngine/Source/GameLogic/Object/Object.cpp,??0?$BitFlags@$0BB@@@QAE@XZ,unclaimed
0x005C1D50,9,Code/GameEngine/Source/GameLogic/Object/Object.cpp,??0?$BitFlags@$0BB@@@QAE@XZ,unclaimed
0x005C1D70,9,Code/GameEngine/Source/GameLogic/Object/Object.cpp,??0?$BitFlags@$0BB@@@QAE@XZ,unclaimed
0x005C1D90,9,Code/GameEngine/Source/GameLogic/Object/Object.cpp,??0?$BitFlags@$0BB@@@QAE@XZ,unclaimed
0x005C1F10,9,Code/GameEngine/Source/GameLogic/Object/Object.cpp,??0?$BitFlags@$0BB@@@QAE@XZ,unclaimed
0x005C1F30,9,Code/GameEngine/Source/GameLogic/Object/Object.cpp,??0?$BitFlags@$0BB@@@QAE@XZ,unclaimed
0x005C1F50,9,Code/GameEngine/Source/GameLogic/Object/Object.cpp,??0?$BitFlags@$0BB@@@QAE@XZ,unclaimed
0x005C66C0,13,Code/GameEngine/Source/GameClient/System/Smudge.cpp,??0?$DLNodeClass@USmudge@@@@QAE@XZ,unclaimed
0x005C66D0,13,Code/GameEngine/Source/GameClient/System/Smudge.cpp,??0?$DLNodeClass@USmudge@@@@QAE@XZ,unclaimed
0x005C66E0,13,Code/GameEngine/Source/GameClient/System/Smudge.cpp,??0?$DLNodeClass@USmudge@@@@QAE@XZ,unclaimed
0x005D3810,13,Code/GameEngine/Source/GameClient/System/Smudge.cpp,??0?$DLNodeClass@USmudge@@@@QAE@XZ,unclaimed
0x005EE491,8,Code/GameEngineDevice/Source/W3DDevice/GameClient/Shadow/W3DVolumetricShadow.cpp,?init@W3DShadowGeometry@@QAEHPAVRenderObjClass@@@Z,scaffold
0x005EF526,8,Code/GameEngineDevice/Source/W3DDevice/GameClient/Shadow/W3DVolumetricShadow.cpp,?init@W3DShadowGeometry@@QAEHPAVRenderObjClass@@@Z,scaffold
0x005F3146,11,Code/GameEngine/Source/Common/CampaignManagerDestructorThunk.cpp,?deleteInstance@Campaign@@QAEXXZ,scaffold
0x005F68F4,10,Code/GameEngine/Source/Common/RTS/Player.cpp,?done@?$DLINK_ITERATOR@VObject@@@@QBE_NXZ,scaffold
0x0060A6D0,9,Code/GameEngine/Source/Common/LongPointerRangeThunk.cpp,?size@LongPointerRangeThunk@@QBEJXZ,unclaimed
0x0061E60B,8,Code/GameEngineDevice/Source/W3DDevice/GameClient/Shadow/W3DVolumetricShadow.cpp,?init@W3DShadowGeometry@@QAEHPAVRenderObjClass@@@Z,scaffold
0x0062C740,8,Code/GameEngine/Source/Common/AdvanceWordPointerThunk.cpp,?advanceWordPointer@@YAPAEPAE@Z,unclaimed
0x006307F0,13,Code/GameEngine/Source/Common/OneWordCopyThunk.cpp,?copyFrom@OneWordCopyThunk@@QAEPAU1@PBU1@@Z,unclaimed
0x00630800,11,Code/GameEngine/Source/Common/MoneyVectorPushBack.cpp,?empty@?$vector@VMoney@@V?$allocator@VMoney@@@_STL@@@_STL@@QBE_NXZ,unclaimed
0x00664EB0,13,Code/GameEngine/Source/GameClient/Drawable.cpp,?_M_getword@?$_Base_bitset@$01@_STL@@QBEKI@Z,unclaimed
0x00684B79,8,Code/GameEngineDevice/Source/W3DDevice/GameClient/Shadow/W3DVolumetricShadow.cpp,?init@W3DShadowGeometry@@QAEHPAVRenderObjClass@@@Z,scaffold
0x00684BA8,8,Code/GameEngineDevice/Source/W3DDevice/GameClient/Shadow/W3DVolumetricShadow.cpp,?init@W3DShadowGeometry@@QAEHPAVRenderObjClass@@@Z,scaffold
0x0068D320,8,Code/GameEngineDevice/Source/W3DDevice/GameClient/Shadow/W3DVolumetricShadow.cpp,?init@W3DShadowGeometry@@QAEHPAVRenderObjClass@@@Z,scaffold
0x006963A0,12,Code/GameEngine/Source/Common/VirtualSlot5CallThunk.cpp,?invokeArgument@VirtualSlot2ArgumentCallOwner@@QAEXPAUVirtualSlot2ArgumentThunk@@@Z,unclaimed
0x006963A4,8,Code/GameEngine/Source/Common/VirtualSlot5CallThunk.cpp,?invokeIgnoringArgument@VirtualSlot2CallThunk@@QAEXH@Z,unclaimed
0x0069A6D8,8,Code/GameEngineDevice/Source/W3DDevice/GameClient/Shadow/W3DVolumetricShadow.cpp,?init@W3DShadowGeometry@@QAEHPAVRenderObjClass@@@Z,scaffold
0x0069B5C0,9,Code/GameEngine/Source/Common/RTS/TunnelTracker.cpp,??D?$reverse_iterator@U?$_List_iterator@PAVObject@@U?$_Nonconst_traits@PAVObject@@@_STL@@@_STL@@@_STL@@QBEAAPAVObject@@XZ,unclaimed
0x006D7570,10,Code/Libraries/Source/WWVegas/WW3D2/segline.cpp,?Set_Texture_Tile_Factor@SegmentedLineClass@@QAEXM@Z,scaffold
0x006DACD7,8,Code/GameEngineDevice/Source/W3DDevice/GameClient/W3DPoly.cpp,?Reset@ClipPolyClass@@QAEXXZ,scaffold
0x006DF5F0,10,Code/GameEngine/Source/Common/ConditionalPointerStoreThunk.cpp,?assignSecond@ConditionalPointerStoreThunk@@QAEXPAX@Z,unclaimed
0x006F981D,8,Code/GameEngine/Source/Common/VirtualSlot5CallThunk.cpp,?IgnoreTwoArgumentsReturnOneThunk@@YGHHH@Z,scaffold
0x0073347F,8,Code/GameEngineDevice/Source/W3DDevice/GameClient/Shadow/W3DVolumetricShadow.cpp,?init@W3DShadowGeometry@@QAEHPAVRenderObjClass@@@Z,scaffold
0x00756E50,12,Code/GameEngine/Source/Common/Stride4TableLookupThunk.cpp,?lookup@Stride4Table@@QBEPAUStride4TableEntry@@I@Z,unclaimed
0x0075B160,13,Code/GameEngineDevice/Source/W3DDevice/GameLogic/W3DGhostObject.cpp,?Friend_Set_Hierarchy_Valid@Animatable3DObjClass@@QBEX_N@Z,unclaimed
0x0075D490,13,Code/GameEngine/Source/Common/OneWordCopyThunk.cpp,?copyFrom@OneWordCopyThunk@@QAEPAU1@PBU1@@Z,unclaimed
0x007832FA,15,Code/GameEngine/Source/GameLogic/Object/Locomotor.cpp,?destroy@LocomotorTemplateDeleteAccess@@SAXPAVLocomotorTemplate@@@Z,unclaimed
0x007832FE,11,Code/GameEngine/Source/Common/CampaignManagerDestructorThunk.cpp,?deleteInstance@Campaign@@QAEXXZ,unclaimed
0x0078D0E7,8,Code/GameEngineDevice/Source/W3DDevice/GameClient/Shadow/W3DVolumetricShadow.cpp,?init@W3DShadowGeometry@@QAEHPAVRenderObjClass@@@Z,scaffold
0x0078D106,8,Code/GameEngineDevice/Source/W3DDevice/GameClient/Shadow/W3DVolumetricShadow.cpp,?init@W3DShadowGeometry@@QAEHPAVRenderObjClass@@@Z,scaffold
0x0079031E,8,Code/GameEngineDevice/Source/W3DDevice/GameClient/Shadow/W3DVolumetricShadow.cpp,?init@W3DShadowGeometry@@QAEHPAVRenderObjClass@@@Z,scaffold
0x0079033E,8,Code/GameEngineDevice/Source/W3DDevice/GameClient/Shadow/W3DVolumetricShadow.cpp,?init@W3DShadowGeometry@@QAEHPAVRenderObjClass@@@Z,scaffold
0x00790B6E,8,Code/GameEngineDevice/Source/W3DDevice/GameClient/Shadow/W3DVolumetricShadow.cpp,?init@W3DShadowGeometry@@QAEHPAVRenderObjClass@@@Z,scaffold
0x00790B8E,8,Code/GameEngineDevice/Source/W3DDevice/GameClient/Shadow/W3DVolumetricShadow.cpp,?init@W3DShadowGeometry@@QAEHPAVRenderObjClass@@@Z,scaffold
0x007916FE,8,Code/GameEngineDevice/Source/W3DDevice/GameClient/Shadow/W3DVolumetricShadow.cpp,?init@W3DShadowGeometry@@QAEHPAVRenderObjClass@@@Z,scaffold
0x0079171E,8,Code/GameEngineDevice/Source/W3DDevice/GameClient/Shadow/W3DVolumetricShadow.cpp,?init@W3DShadowGeometry@@QAEHPAVRenderObjClass@@@Z,scaffold
0x00792F6E,8,Code/GameEngineDevice/Source/W3DDevice/GameClient/Shadow/W3DVolumetricShadow.cpp,?init@W3DShadowGeometry@@QAEHPAVRenderObjClass@@@Z,scaffold
0x00792F8E,8,Code/GameEngineDevice/Source/W3DDevice/GameClient/Shadow/W3DVolumetricShadow.cpp,?init@W3DShadowGeometry@@QAEHPAVRenderObjClass@@@Z,scaffold
0x00793A7E,8,Code/GameEngineDevice/Source/W3DDevice/GameClient/Shadow/W3DVolumetricShadow.cpp,?init@W3DShadowGeometry@@QAEHPAVRenderObjClass@@@Z,scaffold
0x00795ECE,8,Code/GameEngineDevice/Source/W3DDevice/GameClient/Shadow/W3DVolumetricShadow.cpp,?init@W3DShadowGeometry@@QAEHPAVRenderObjClass@@@Z,scaffold
0x00795FDE,8,Code/GameEngineDevice/Source/W3DDevice/GameClient/Shadow/W3DVolumetricShadow.cpp,?init@W3DShadowGeometry@@QAEHPAVRenderObjClass@@@Z,scaffold
0x007969CE,8,Code/GameEngineDevice/Source/W3DDevice/GameClient/Shadow/W3DVolumetricShadow.cpp,?init@W3DShadowGeometry@@QAEHPAVRenderObjClass@@@Z,scaffold
0x007969EE,8,Code/GameEngineDevice/Source/W3DDevice/GameClient/Shadow/W3DVolumetricShadow.cpp,?init@W3DShadowGeometry@@QAEHPAVRenderObjClass@@@Z,scaffold
0x0079700E,8,Code/GameEngineDevice/Source/W3DDevice/GameClient/Shadow/W3DVolumetricShadow.cpp,?init@W3DShadowGeometry@@QAEHPAVRenderObjClass@@@Z,scaffold
0x0079702E,8,Code/GameEngineDevice/Source/W3DDevice/GameClient/Shadow/W3DVolumetricShadow.cpp,?init@W3DShadowGeometry@@QAEHPAVRenderObjClass@@@Z,scaffold
0x007983BE,8,Code/GameEngineDevice/Source/W3DDevice/GameClient/Shadow/W3DVolumetricShadow.cpp,?init@W3DShadowGeometry@@QAEHPAVRenderObjClass@@@Z,scaffold
0x007983DE,8,Code/GameEngineDevice/Source/W3DDevice/GameClient/Shadow/W3DVolumetricShadow.cpp,?init@W3DShadowGeometry@@QAEHPAVRenderObjClass@@@Z,scaffold
0x007995EE,8,Code/GameEngineDevice/Source/W3DDevice/GameClient/Shadow/W3DVolumetricShadow.cpp,?init@W3DShadowGeometry@@QAEHPAVRenderObjClass@@@Z,scaffold
0x0079960E,8,Code/GameEngineDevice/Source/W3DDevice/GameClient/Shadow/W3DVolumetricShadow.cpp,?init@W3DShadowGeometry@@QAEHPAVRenderObjClass@@@Z,scaffold
0x00799C9E,8,Code/GameEngineDevice/Source/W3DDevice/GameClient/Shadow/W3DVolumetricShadow.cpp,?init@W3DShadowGeometry@@QAEHPAVRenderObjClass@@@Z,scaffold
0x00799CBE,8,Code/GameEngineDevice/Source/W3DDevice/GameClient/Shadow/W3DVolumetricShadow.cpp,?init@W3DShadowGeometry@@QAEHPAVRenderObjClass@@@Z,scaffold
0x0079FDC0,13,Code/GameEngine/Source/Common/OneWordCopyThunk.cpp,?copyFrom@OneWordCopyThunk@@QAEPAU1@PBU1@@Z,unclaimed
0x007E87E0,10,Code/GameEngine/Source/Common/ConditionalPointerStoreThunk.cpp,?assignSecond@ConditionalPointerStoreThunk@@QAEXPAX@Z,unclaimed
0x007E9C80,10,Code/GameEngine/Source/Common/GameEngine.cpp,?setFramesPerSecondLimit@GameEngine@@UAEXH@Z,unclaimed
0x007E9C90,10,Code/GameEngine/Source/Common/Audio/AudioEventRTS.cpp,?setPlayingHandle@AudioEventRTS@@QAEXI@Z,unclaimed
0x007E9CC0,10,Code/GameEngine/Source/GameNetwork/NetCommandMsg.cpp,?setDataOffset@NetWrapperCommandMsg@@QAEXI@Z,unclaimed
0x007F01D0,25,Code/Libraries/Source/WWVegas/WW3D2/mesh.cpp,??0CollisionTestClass@@QAE@ABV0@@Z,unclaimed
0x007F0380,10,Code/GameEngine/Source/Common/GameEngine.cpp,?setFramesPerSecondLimit@GameEngine@@UAEXH@Z,unclaimed
0x007F03A0,8,Code/Libraries/Source/WWVegas/WW3D2/assetmgr.cpp,?First@AssetIterator@@UAEXXZ,unclaimed
0x007F0580,18,Code/Libraries/Source/WWVegas/WWMath/aabtreecull.cpp,??0AABTreeIterator@@QAE@PAVAABTreeCullSystemClass@@@Z,unclaimed
0x007F0940,9,Code/GameEngine/Source/GameNetwork/FrameData.cpp,?setFrameCommandCount@FrameData@@QAEXI@Z,unclaimed
0x007F0960,17,Code/GameEngine/Source/GameClient/System/DebugDisplay.cpp,?setCursorPos@DebugDisplay@@UAEXHH@Z,unclaimed
0x007F0990,10,Code/GameEngine/Source/Common/Audio/AudioEventRTS.cpp,?setHandleToKill@AudioEventRTS@@QAEXI@Z,unclaimed
0x007F09B0,10,Code/GameEngine/Source/Common/RTS/Player.cpp,?friend_setPrev@Upgrade@@QAEXPAV1@@Z,unclaimed
0x007F09D0,10,Code/GameEngine/Source/Common/VirtualSlot5CallThunk.cpp,?setValue@Offset24IntegerSetterThunk@@QAEXH@Z,unclaimed
0x007F09F0,10,Code/Libraries/Source/WWVegas/WW3D2/aabtree.cpp,?Set_Back_Child@CullNodeStruct@AABTreeClass@@QAEXK@Z,unclaimed
0x007F0A10,10,Code/GameEngine/Source/Common/Audio/AudioEventRTS.cpp,?setAudioPriority@AudioEventRTS@@QAEXW4AudioPriority@@@Z,unclaimed
0x007F0A30,10,Code/GameEngine/Source/GameNetwork/NetCommandMsg.cpp,?setDataOffset@NetWrapperCommandMsg@@QAEXI@Z,unclaimed
0x007F0AC0,9,Code/GameEngine/Source/GameNetwork/FrameData.cpp,?setFrameCommandCount@FrameData@@QAEXI@Z,unclaimed
0x007F0AE0,10,Code/GameEngine/Source/Common/ConditionalPointerStoreThunk.cpp,?assignSecond@ConditionalPointerStoreThunk@@QAEXPAX@Z,unclaimed
0x007F0B00,10,Code/GameEngine/Source/Common/GameEngine.cpp,?setFramesPerSecondLimit@GameEngine@@UAEXH@Z,unclaimed
0x007F0B20,10,Code/GameEngine/Source/Common/Audio/AudioEventRTS.cpp,?setPlayingHandle@AudioEventRTS@@QAEXI@Z,unclaimed
0x007F0B40,10,Code/GameEngine/Source/Common/Audio/AudioEventRTS.cpp,?setHandleToKill@AudioEventRTS@@QAEXI@Z,unclaimed
0x007F0B60,10,Code/GameEngine/Source/Common/RTS/Player.cpp,?friend_setPrev@Upgrade@@QAEXPAV1@@Z,unclaimed
0x007F0B80,10,Code/GameEngine/Source/Common/VirtualSlot5CallThunk.cpp,?setValue@Offset24IntegerSetterThunk@@QAEXH@Z,unclaimed
0x007F0BA0,10,Code/GameEngineDevice/Source/W3DDevice/GameClient/W3DScene.cpp,?Set_Fog_Enable@SceneClass@@UAEX_N@Z,unclaimed
0x007F0BE0,10,Code/GameEngine/Source/Common/Audio/AudioEventRTS.cpp,?setAudioPriority@AudioEventRTS@@QAEXW4AudioPriority@@@Z,unclaimed
0x007F0C00,10,Code/GameEngine/Source/GameNetwork/NetCommandMsg.cpp,?setDataOffset@NetWrapperCommandMsg@@QAEXI@Z,unclaimed
0x007F0C60,13,Code/GameEngine/Source/GameClient/System/Smudge.cpp,??0?$DLNodeClass@USmudge@@@@QAE@XZ,unclaimed
0x007F1C50,11,Code/GameEngine/Source/GameLogic/Object/Object.cpp,?_M_do_reset@?$_Base_bitset@$02@_STL@@QAEXXZ,unclaimed
0x007F1C70,10,Code/GameEngine/Source/Common/GameEngine.cpp,?setFramesPerSecondLimit@GameEngine@@UAEXH@Z,unclaimed
0x007F1D40,13,Code/GameEngine/Source/GameLogic/Object/Contain/TransportContainCtorThunk.cpp,??0TransportContainFields@@QAE@XZ,unclaimed
0x007F1D50,16,Code/Libraries/Source/WWVegas/WW3D2/aabtreebuilder.cpp,?Set@AAPlaneClass@@QAEXW4AxisEnum@1@M@Z,unclaimed
0x007F21D0,10,Code/GameEngineDevice/Source/W3DDevice/GameLogic/W3DGhostObject.cpp,?Set_ObjectColor@RenderObjClass@@QAEXI@Z,unclaimed
0x007F53F0,9,Code/GameEngine/Source/GameLogic/Object/Object.cpp,??0?$BitFlags@$0BB@@@QAE@XZ,unclaimed
0x007F5410,9,Code/GameEngine/Source/GameNetwork/FrameData.cpp,?setFrameCommandCount@FrameData@@QAEXI@Z,unclaimed
0x007F5420,9,Code/GameEngine/Source/GameLogic/Object/Object.cpp,??0?$BitFlags@$0BB@@@QAE@XZ,unclaimed
0x007F5440,9,Code/GameEngine/Source/GameNetwork/FrameData.cpp,?setFrameCommandCount@FrameData@@QAEXI@Z,unclaimed
0x007F5450,9,Code/GameEngine/Source/GameLogic/Object/Object.cpp,??0?$BitFlags@$0BB@@@QAE@XZ,unclaimed
0x007F5470,9,Code/GameEngine/Source/GameNetwork/FrameData.cpp,?setFrameCommandCount@FrameData@@QAEXI@Z,unclaimed
0x007F54A0,9,Code/GameEngine/Source/GameNetwork/FrameData.cpp,?setFrameCommandCount@FrameData@@QAEXI@Z,unclaimed
0x007F54B0,10,Code/GameEngine/Source/Common/ConditionalPointerStoreThunk.cpp,?assignSecond@ConditionalPointerStoreThunk@@QAEXPAX@Z,unclaimed
0x007F54F0,10,Code/GameEngine/Source/Common/Audio/AudioEventRTS.cpp,?setPlayingHandle@AudioEventRTS@@QAEXI@Z,unclaimed
0x007F6AF0,16,Code/GameEngine/Source/GameLogic/Object/Update/DockUpdate/DockUpdate.cpp,??0?$_Bit_iter@U_Bit_reference@_STL@@PAU12@@_STL@@QAE@XZ,unclaimed
0x007F6B60,16,Code/GameEngine/Source/GameLogic/Object/Update/DockUpdate/DockUpdate.cpp,??0?$_Bit_iter@U_Bit_reference@_STL@@PAU12@@_STL@@QAE@XZ,unclaimed
0x007F6C20,16,Code/GameEngine/Source/GameLogic/Object/Update/DockUpdate/DockUpdate.cpp,??0?$_Bit_iter@U_Bit_reference@_STL@@PAU12@@_STL@@QAE@XZ,unclaimed
0x007F6CB0,16,Code/GameEngine/Source/GameLogic/Object/Update/DockUpdate/DockUpdate.cpp,??0?$_Bit_iter@U_Bit_reference@_STL@@PAU12@@_STL@@QAE@XZ,unclaimed
0x007F7930,16,Code/GameEngine/Source/GameLogic/Object/Update/DockUpdate/DockUpdate.cpp,??0?$_Bit_iter@U_Bit_reference@_STL@@PAU12@@_STL@@QAE@XZ,unclaimed
0x007F7950,16,Code/GameEngine/Source/GameLogic/Object/Update/DockUpdate/DockUpdate.cpp,??0?$_Bit_iter@U_Bit_reference@_STL@@PAU12@@_STL@@QAE@XZ,unclaimed
0x007F8FE0,10,Code/Libraries/Source/WWVegas/WW3D2/aabtree.cpp,?Set_Back_Child@CullNodeStruct@AABTreeClass@@QAEXK@Z,unclaimed
0x007F9000,10,Code/GameEngine/Source/Common/Audio/AudioEventRTS.cpp,?setAudioPriority@AudioEventRTS@@QAEXW4AudioPriority@@@Z,unclaimed
0x007F9030,10,Code/GameEngine/Source/Common/Audio/AudioEventRTS.cpp,?setHandleToKill@AudioEventRTS@@QAEXI@Z,unclaimed
0x007F9050,10,Code/GameEngine/Source/Common/RTS/Player.cpp,?friend_setPrev@Upgrade@@QAEXPAV1@@Z,unclaimed
0x007F9060,10,Code/GameEngine/Source/Common/VirtualSlot5CallThunk.cpp,?setValue@Offset24IntegerSetterThunk@@QAEXH@Z,unclaimed
0x007F9070,10,Code/Libraries/Source/WWVegas/WW3D2/segline.cpp,?Set_Merge_Abort_Factor@SegLineRendererClass@@QAEXM@Z,unclaimed
0x007F9580,10,Code/GameEngine/Source/GameClient/GUI/GUICallbacks/Menus/PopupHostGame.cpp,?_M_construct_null@?$basic_string@DV?$char_traits@D@_STL@@V?$allocator@D@2@@_STL@@AAEXPAD@Z,unclaimed
0x007F9602,11,Code/GameEngine/Source/GameNetwork/GameSpy/serverbrowsing/sb_queryengine.c,_FIFOClear,unclaimed
0x007FA980,16,Code/GameEngine/Source/Common/Rva87A00FourWordReset.cpp,?reset@Rva87A00FourWordReset@@QAEPAIXZ,unclaimed
0x00800500,9,Code/GameEngine/Source/GameNetwork/FrameData.cpp,?setFrameCommandCount@FrameData@@QAEXI@Z,unclaimed
0x00801170,10,Code/GameEngine/Source/Common/Audio/AudioEventRTS.cpp,?setHandleToKill@AudioEventRTS@@QAEXI@Z,unclaimed
0x00802DD0,9,Code/GameEngine/Source/GameNetwork/FrameData.cpp,?setFrameCommandCount@FrameData@@QAEXI@Z,unclaimed
0x008088C0,10,Code/GameEngine/Source/Common/Audio/AudioEventRTS.cpp,?setHandleToKill@AudioEventRTS@@QAEXI@Z,unclaimed
0x008088E0,10,Code/GameEngine/Source/Common/RTS/Player.cpp,?friend_setPrev@Upgrade@@QAEXPAV1@@Z,unclaimed
0x0081D4E0,41,Code/GameEngine/Source/Common/Audio/GameAudio.cpp,?__copy_trivial@_STL@@YAPAXPBX0PAX@Z,unclaimed
0x0083E9F0,22,Code/GameEngine/Source/Common/NameKeyGenerator.cpp,??0?$pair@$$CBW4NameKeyType@@PAVBucket@@@_STL@@QAE@ABW4NameKeyType@@ABQAVBucket@@@Z,unclaimed
0x0083EA10,22,Code/GameEngine/Source/Common/NameKeyGenerator.cpp,??0?$pair@$$CBW4NameKeyType@@PAVBucket@@@_STL@@QAE@ABW4NameKeyType@@ABQAVBucket@@@Z,unclaimed
0x0083EA30,22,Code/GameEngine/Source/Common/NameKeyGenerator.cpp,??0?$pair@$$CBW4NameKeyType@@PAVBucket@@@_STL@@QAE@ABW4NameKeyType@@ABQAVBucket@@@Z,unclaimed
0x0083EA60,22,Code/GameEngine/Source/Common/NameKeyGenerator.cpp,??0?$pair@$$CBW4NameKeyType@@PAVBucket@@@_STL@@QAE@ABW4NameKeyType@@ABQAVBucket@@@Z,unclaimed
0x0083EBC0,41,Code/GameEngine/Source/Common/Audio/GameAudio.cpp,?__copy_trivial@_STL@@YAPAXPBX0PAX@Z,unclaimed
0x0083F020,41,Code/GameEngine/Source/Common/Audio/GameAudio.cpp,?__copy_trivial@_STL@@YAPAXPBX0PAX@Z,unclaimed
0x0083F250,41,Code/GameEngine/Source/Common/Audio/GameAudio.cpp,?__copy_trivial@_STL@@YAPAXPBX0PAX@Z,unclaimed
0x0083F280,41,Code/GameEngine/Source/Common/Audio/GameAudio.cpp,?__copy_trivial@_STL@@YAPAXPBX0PAX@Z,unclaimed
0x008406B0,18,Code/Libraries/Source/WWVegas/WWLib/ini.cpp,??0?$TPoint2D@H@@QAE@HH@Z,unclaimed
0x008406F0,18,Code/Libraries/Source/WWVegas/WWLib/ini.cpp,??0?$TPoint2D@H@@QAE@HH@Z,unclaimed
0x008408B0,18,Code/Libraries/Source/WWVegas/WWLib/ini.cpp,??0?$TPoint2D@H@@QAE@HH@Z,unclaimed
0x0084092B,8,Code/GameEngine/Source/Common/VirtualSlot5CallThunk.cpp,?IgnoreTwoArgumentsReturnOneThunk@@YGHHH@Z,scaffold
0x008456A0,38,Code/GameEngine/Source/Common/VectorIntegerInsertOverflowThunk.cpp,??$__copy_backward_ptrs@PAHPAH@_STL@@YAPAHPAH00ABU__true_type@0@@Z,unclaimed
0x008456D0,38,Code/GameEngine/Source/Common/VectorIntegerInsertOverflowThunk.cpp,??$__copy_backward_ptrs@PAHPAH@_STL@@YAPAHPAH00ABU__true_type@0@@Z,unclaimed
0x00845720,38,Code/GameEngine/Source/Common/VectorIntegerInsertOverflowThunk.cpp,??$__copy_backward_ptrs@PAHPAH@_STL@@YAPAHPAH00ABU__true_type@0@@Z,unclaimed
0x00845750,38,Code/GameEngine/Source/Common/VectorIntegerInsertOverflowThunk.cpp,??$__copy_backward_ptrs@PAHPAH@_STL@@YAPAHPAH00ABU__true_type@0@@Z,unclaimed
0x00845840,41,Code/GameEngine/Source/Common/Audio/GameAudio.cpp,?__copy_trivial@_STL@@YAPAXPBX0PAX@Z,unclaimed
0x008458B0,38,Code/GameEngine/Source/Common/VectorIntegerInsertOverflowThunk.cpp,??$__copy_backward_ptrs@PAHPAH@_STL@@YAPAHPAH00ABU__true_type@0@@Z,unclaimed
0x008458E0,38,Code/GameEngine/Source/Common/VectorIntegerInsertOverflowThunk.cpp,??$__copy_backward_ptrs@PAHPAH@_STL@@YAPAHPAH00ABU__true_type@0@@Z,unclaimed
0x00846030,41,Code/GameEngine/Source/Common/Audio/GameAudio.cpp,?__copy_trivial@_STL@@YAPAXPBX0PAX@Z,unclaimed
0x008460A0,41,Code/GameEngine/Source/Common/Audio/GameAudio.cpp,?__copy_trivial@_STL@@YAPAXPBX0PAX@Z,unclaimed
0x0084A5C0,10,Code/GameEngine/Source/Common/ConditionalPointerStoreThunk.cpp,?assignSecond@ConditionalPointerStoreThunk@@QAEXPAX@Z,unclaimed
0x00850CF0,18,Code/Libraries/Source/WWVegas/WWLib/ini.cpp,??0?$TPoint2D@H@@QAE@HH@Z,unclaimed
0x008511B0,18,Code/Libraries/Source/WWVegas/WWLib/ini.cpp,??0?$TPoint2D@H@@QAE@HH@Z,unclaimed
0x0087DD60,10,Code/Libraries/Source/WWVegas/WW3D2/mesh.cpp,?Set_Sort_Level@MeshGeometryClass@@QAEXH@Z,unclaimed
0x0087E8F4,11,Code/GameEngineDevice/Source/W3DDevice/GameClient/FlatHeightMap.cpp,?isCulled@W3DTerrainBackground@@QAE_NXZ,scaffold
0x00882480,10,Code/GameEngine/Source/Common/RTS/Player.cpp,?done@?$DLINK_ITERATOR@VObject@@@@QBE_NXZ,unclaimed
0x008916E0,10,Code/GameEngine/Source/Common/GameEngine.cpp,?setFramesPerSecondLimit@GameEngine@@UAEXH@Z,unclaimed
0x00891720,10,Code/GameEngine/Source/Common/ConditionalPointerStoreThunk.cpp,?assignSecond@ConditionalPointerStoreThunk@@QAEXPAX@Z,unclaimed
0x00892480,22,Code/Libraries/Source/WWVegas/WW3D2/dynamesh.cpp,??9ShaderClass@@QAE_NABV0@@Z,unclaimed
0x00892530,10,Code/GameEngine/Source/Common/ConditionalPointerStoreThunk.cpp,?assignSecond@ConditionalPointerStoreThunk@@QAEXPAX@Z,unclaimed
0x00892570,18,Code/Libraries/Source/WWVegas/WWLib/ini.cpp,??0?$TPoint2D@H@@QAE@HH@Z,unclaimed
0x008925B0,10,Code/GameEngine/Source/Common/RTS/Player.cpp,?done@?$DLINK_ITERATOR@VObject@@@@QBE_NXZ,unclaimed
0x008925C0,10,Code/GameEngine/Source/Common/RTS/Player.cpp,?done@?$DLINK_ITERATOR@VObject@@@@QBE_NXZ,unclaimed
0x00894DC0,10,Code/GameEngine/Source/Common/RTS/Player.cpp,?done@?$DLINK_ITERATOR@VObject@@@@QBE_NXZ,unclaimed
0x00894DD0,13,Code/GameEngine/Source/Common/OneWordCopyThunk.cpp,?copyFrom@OneWordCopyThunk@@QAEPAU1@PBU1@@Z,unclaimed
0x00894DF0,13,Code/GameEngine/Source/Common/OneWordCopyThunk.cpp,?copyFrom@OneWordCopyThunk@@QAEPAU1@PBU1@@Z,unclaimed
0x00894E40,22,Code/Libraries/Source/WWVegas/WW3D2/dynamesh.cpp,??9ShaderClass@@QAE_NABV0@@Z,unclaimed
0x00894EB0,18,Code/Libraries/Source/WWVegas/WWLib/ini.cpp,??0?$TPoint2D@H@@QAE@HH@Z,unclaimed
0x0089C9D0,11,Code/Libraries/Source/WWVegas/WWMath/gridcull.cpp,?Is_Done@GridListIterator@@QAE_NXZ,unclaimed
0x008AB920,10,Code/GameEngine/Source/Common/Audio/AudioEventRTS.cpp,?setHandleToKill@AudioEventRTS@@QAEXI@Z,unclaimed
0x008BF0C0,10,Code/GameEngine/Source/Common/Audio/AudioEventRTS.cpp,?setPlayingHandle@AudioEventRTS@@QAEXI@Z,unclaimed
0x008DCCA0,10,Code/GameEngine/Source/Common/ConditionalPointerStoreThunk.cpp,?assignSecond@ConditionalPointerStoreThunk@@QAEXPAX@Z,unclaimed
0x008DCCE0,10,Code/GameEngine/Source/Common/GameEngine.cpp,?setFramesPerSecondLimit@GameEngine@@UAEXH@Z,unclaimed
0x008F7AE0,25,Code/Libraries/Source/WWVegas/WWLib/ini.cpp,??0?$TPoint3D@H@@QAE@HHH@Z,unclaimed
0x008F8E00,18,Code/Libraries/Source/WWVegas/WWLib/ini.cpp,??0?$TPoint2D@H@@QAE@HH@Z,unclaimed
0x008F8E20,18,Code/Libraries/Source/WWVegas/WWLib/ini.cpp,??0?$TPoint2D@H@@QAE@HH@Z,unclaimed
0x008F90F0,22,Code/GameEngine/Source/Common/NameKeyGenerator.cpp,??0?$pair@$$CBW4NameKeyType@@PAVBucket@@@_STL@@QAE@ABW4NameKeyType@@ABQAVBucket@@@Z,unclaimed
0x008F9220,41,Code/GameEngine/Source/Common/Audio/GameAudio.cpp,?__copy_trivial@_STL@@YAPAXPBX0PAX@Z,unclaimed
0x008F9250,38,Code/GameEngine/Source/Common/VectorIntegerInsertOverflowThunk.cpp,??$__copy_backward_ptrs@PAHPAH@_STL@@YAPAHPAH00ABU__true_type@0@@Z,unclaimed
0x008F9290,41,Code/GameEngine/Source/Common/Audio/GameAudio.cpp,?__copy_trivial@_STL@@YAPAXPBX0PAX@Z,unclaimed
0x008F92C0,38,Code/GameEngine/Source/Common/VectorIntegerInsertOverflowThunk.cpp,??$__copy_backward_ptrs@PAHPAH@_STL@@YAPAHPAH00ABU__true_type@0@@Z,unclaimed
0x008F9F50,41,Code/GameEngine/Source/Common/Audio/GameAudio.cpp,?__copy_trivial@_STL@@YAPAXPBX0PAX@Z,unclaimed
0x008F9F80,38,Code/GameEngine/Source/Common/VectorIntegerInsertOverflowThunk.cpp,??$__copy_backward_ptrs@PAHPAH@_STL@@YAPAHPAH00ABU__true_type@0@@Z,unclaimed
0x008F9FB0,41,Code/GameEngine/Source/Common/Audio/GameAudio.cpp,?__copy_trivial@_STL@@YAPAXPBX0PAX@Z,unclaimed
0x008F9FE0,38,Code/GameEngine/Source/Common/VectorIntegerInsertOverflowThunk.cpp,??$__copy_backward_ptrs@PAHPAH@_STL@@YAPAHPAH00ABU__true_type@0@@Z,unclaimed
0x008FA390,41,Code/GameEngine/Source/Common/Audio/GameAudio.cpp,?__copy_trivial@_STL@@YAPAXPBX0PAX@Z,unclaimed
0x008FA3C0,38,Code/GameEngine/Source/Common/VectorIntegerInsertOverflowThunk.cpp,??$__copy_backward_ptrs@PAHPAH@_STL@@YAPAHPAH00ABU__true_type@0@@Z,unclaimed
0x008FA3F0,41,Code/GameEngine/Source/Common/Audio/GameAudio.cpp,?__copy_trivial@_STL@@YAPAXPBX0PAX@Z,unclaimed
0x008FA420,38,Code/GameEngine/Source/Common/VectorIntegerInsertOverflowThunk.cpp,??$__copy_backward_ptrs@PAHPAH@_STL@@YAPAHPAH00ABU__true_type@0@@Z,unclaimed
0x008FE8C0,13,Code/GameEngine/Source/Common/OneWordCopyThunk.cpp,?copyFrom@OneWordCopyThunk@@QAEPAU1@PBU1@@Z,unclaimed
0x008FE960,13,Code/GameEngine/Source/Common/OneWordCopyThunk.cpp,?copyFrom@OneWordCopyThunk@@QAEPAU1@PBU1@@Z,unclaimed
0x008FEEC0,56,Code/GameEngine/Source/Common/StateMachine.cpp,??$_M_find@I@?$_Rb_tree@IU?$pair@$$CBIPAVState@@@_STL@@U?$_Select1st@U?$pair@$$CBIPAVState@@@_STL@@@2@U?$less@I@2@V?$allocator@U?$pair@$$CBIPAVState@@@_STL@@@2@@_STL@@ABEPAU?$_Rb_tree_node@U?$pair@$$CBIPAVState@@@_STL@@@1@ABI@Z,unclaimed
0x009036F0,25,Code/Libraries/Source/WWVegas/WWLib/ini.cpp,??0?$TPoint3D@H@@QAE@HHH@Z,unclaimed
0x0090C780,41,Code/GameEngine/Source/Common/Audio/GameAudio.cpp,?__copy_trivial@_STL@@YAPAXPBX0PAX@Z,unclaimed
0x00918860,10,Code/GameEngine/Source/Common/ConditionalPointerStoreThunk.cpp,?assignSecond@ConditionalPointerStoreThunk@@QAEXPAX@Z,unclaimed
0x00918870,10,Code/GameEngine/Source/Common/GameEngine.cpp,?setFramesPerSecondLimit@GameEngine@@UAEXH@Z,unclaimed
0x009188A0,10,Code/GameEngine/Source/Common/VirtualSlot5CallThunk.cpp,?setValue@Offset24IntegerSetterThunk@@QAEXH@Z,unclaimed
0x009188B0,10,Code/GameEngine/Source/GameNetwork/NetCommandMsg.cpp,?setDataOffset@NetWrapperCommandMsg@@QAEXI@Z,unclaimed
0x009189B0,10,Code/GameEngine/Source/Common/ConditionalPointerStoreThunk.cpp,?assignSecond@ConditionalPointerStoreThunk@@QAEXPAX@Z,unclaimed
0x009189C0,10,Code/GameEngine/Source/Common/GameEngine.cpp,?setFramesPerSecondLimit@GameEngine@@UAEXH@Z,unclaimed
0x009189F0,10,Code/GameEngine/Source/Common/VirtualSlot5CallThunk.cpp,?setValue@Offset24IntegerSetterThunk@@QAEXH@Z,unclaimed
0x00923BC0,13,Code/GameEngine/Source/Common/OneWordCopyThunk.cpp,?copyFrom@OneWordCopyThunk@@QAEPAU1@PBU1@@Z,unclaimed
0x00923CA0,25,Code/Libraries/Source/WWVegas/WW3D2/mesh.cpp,??0CollisionTestClass@@QAE@ABV0@@Z,unclaimed
0x00923CE0,18,Code/Libraries/Source/WWVegas/WWLib/ini.cpp,??0?$TPoint2D@H@@QAE@HH@Z,unclaimed
0x00924320,25,Code/Libraries/Source/WWVegas/WW3D2/mesh.cpp,??0CollisionTestClass@@QAE@ABV0@@Z,unclaimed
0x009264B0,18,Code/Libraries/Source/WWVegas/WWLib/ini.cpp,??0?$TPoint2D@H@@QAE@HH@Z,unclaimed
0x0092C890,25,Code/Libraries/Source/WWVegas/WW3D2/mesh.cpp,??0CollisionTestClass@@QAE@ABV0@@Z,unclaimed
0x0092C8F0,13,Code/GameEngine/Source/Common/OneWordCopyThunk.cpp,?copyFrom@OneWordCopyThunk@@QAEPAU1@PBU1@@Z,unclaimed
0x0092EF90,16,Code/Libraries/Source/WWVegas/WWLib/ini.cpp,??8NodeElement@?$IndexClass@HPAUINIEntry@@@@QBE_NABU01@@Z,unclaimed
0x00938D20,22,Code/Libraries/Source/WWVegas/WW3D2/dynamesh.cpp,??9ShaderClass@@QAE_NABV0@@Z,unclaimed
0x0093C980,13,Code/GameEngine/Source/Common/OneWordCopyThunk.cpp,?copyFrom@OneWordCopyThunk@@QAEPAU1@PBU1@@Z,unclaimed
0x0093CFC0,16,Code/Libraries/Source/WWVegas/WWLib/ini.cpp,??8NodeElement@?$IndexClass@HPAUINIEntry@@@@QBE_NABU01@@Z,unclaimed
0x0093CFD0,22,Code/Libraries/Source/WWVegas/WW3D2/dynamesh.cpp,??9ShaderClass@@QAE_NABV0@@Z,unclaimed
0x00944B50,10,Code/GameEngine/Source/Common/GameEngine.cpp,?setFramesPerSecondLimit@GameEngine@@UAEXH@Z,unclaimed
0x00944B90,10,Code/GameEngine/Source/Common/GameEngine.cpp,?setFramesPerSecondLimit@GameEngine@@UAEXH@Z,unclaimed
0x00944E00,17,Code/Libraries/Source/WWVegas/WW3D2/dx8renderer.cpp,?Get_Head@?$MultiListClass@VDX8PolygonRendererClass@@@@QAEPAVDX8PolygonRendererClass@@XZ,unclaimed
0x00945420,10,Code/GameEngine/Source/GameNetwork/NetCommandMsg.cpp,?setDataOffset@NetWrapperCommandMsg@@QAEXI@Z,unclaimed
0x00945480,8,Code/Libraries/Source/WWVegas/WW3D2/dx8renderer.cpp,?Clear_Render_List@DX8TextureCategoryClass@@QAEXXZ,unclaimed
0x009456F0,10,Code/GameEngine/Source/Common/Audio/AudioEventRTS.cpp,?setPlayingHandle@AudioEventRTS@@QAEXI@Z,unclaimed
0x00945700,17,Code/Libraries/Source/WWVegas/WW3D2/dx8renderer.cpp,?Set_Vertex_Index_Range@DX8PolygonRendererClass@@QAEXII@Z,unclaimed
0x0094BC50,13,Code/GameEngine/Source/Common/OneWordCopyThunk.cpp,?copyFrom@OneWordCopyThunk@@QAEPAU1@PBU1@@Z,unclaimed
0x0094BC80,13,Code/GameEngine/Source/Common/OneWordCopyThunk.cpp,?copyFrom@OneWordCopyThunk@@QAEPAU1@PBU1@@Z,unclaimed
0x0094BDB0,13,Code/GameEngine/Source/Common/OneWordCopyThunk.cpp,?copyFrom@OneWordCopyThunk@@QAEPAU1@PBU1@@Z,unclaimed
0x0094C370,56,Code/GameEngine/Source/Common/StateMachine.cpp,??$_M_find@I@?$_Rb_tree@IU?$pair@$$CBIPAVState@@@_STL@@U?$_Select1st@U?$pair@$$CBIPAVState@@@_STL@@@2@U?$less@I@2@V?$allocator@U?$pair@$$CBIPAVState@@@_STL@@@2@@_STL@@ABEPAU?$_Rb_tree_node@U?$pair@$$CBIPAVState@@@_STL@@@1@ABI@Z,unclaimed
0x00955980,10,Code/GameEngine/Source/Common/ConditionalPointerStoreThunk.cpp,?assignSecond@ConditionalPointerStoreThunk@@QAEXPAX@Z,unclaimed
0x00955990,10,Code/GameEngine/Source/Common/GameEngine.cpp,?setFramesPerSecondLimit@GameEngine@@UAEXH@Z,unclaimed
0x009559C0,10,Code/GameEngine/Source/Common/VirtualSlot5CallThunk.cpp,?setValue@Offset24IntegerSetterThunk@@QAEXH@Z,unclaimed
0x00959880,9,Code/GameEngine/Source/GameNetwork/FrameData.cpp,?setFrameCommandCount@FrameData@@QAEXI@Z,unclaimed
0x0095AFE0,9,Code/GameEngine/Source/GameNetwork/FrameData.cpp,?setFrameCommandCount@FrameData@@QAEXI@Z,unclaimed
0x0095C610,10,Code/GameEngine/Source/GameNetwork/NetCommandMsg.cpp,?setDataOffset@NetWrapperCommandMsg@@QAEXI@Z,unclaimed
0x0096A7F0,10,Code/GameEngine/Source/Common/VirtualSlot5CallThunk.cpp,?setValue@Offset24IntegerSetterThunk@@QAEXH@Z,unclaimed
0x0096B4D0,18,Code/Libraries/Source/WWVegas/WWLib/ini.cpp,??0?$TPoint2D@H@@QAE@HH@Z,unclaimed
0x0096CE40,9,Code/GameEngine/Source/GameNetwork/FrameData.cpp,?setFrameCommandCount@FrameData@@QAEXI@Z,unclaimed
0x0096CE50,10,Code/GameEngine/Source/Common/ConditionalPointerStoreThunk.cpp,?assignSecond@ConditionalPointerStoreThunk@@QAEXPAX@Z,unclaimed
0x0096CE60,10,Code/GameEngine/Source/Common/GameEngine.cpp,?setFramesPerSecondLimit@GameEngine@@UAEXH@Z,unclaimed
0x00973530,8,Code/Libraries/Source/WWVegas/WWLib/ini.cpp,?Invalidate_Archive@?$IndexClass@HPAUINIEntry@@@@ABEXXZ,unclaimed
0x00973620,10,Code/GameEngine/Source/Common/ConditionalPointerStoreThunk.cpp,?assignSecond@ConditionalPointerStoreThunk@@QAEXPAX@Z,unclaimed
0x00973630,10,Code/GameEngine/Source/Common/GameEngine.cpp,?setFramesPerSecondLimit@GameEngine@@UAEXH@Z,unclaimed
0x0098D2D0,13,Code/Libraries/Source/WWVegas/WW3D2/part_ldr.cpp,?Set_Emission_Rate@ParticleEmitterDefClass@@UAEXM@Z,unclaimed
0x0098D300,13,Code/Libraries/Source/WWVegas/WW3D2/part_ldr.cpp,?Set_Gravity@ParticleEmitterDefClass@@UAEXM@Z,unclaimed
0x0098D310,13,Code/Libraries/Source/WWVegas/WW3D2/part_ldr.cpp,?Set_Elasticity@ParticleEmitterDefClass@@UAEXM@Z,unclaimed
0x0098D4D0,13,Code/Libraries/Source/WWVegas/WW3D2/part_ldr.cpp,?Set_Noise_Amplitude@ParticleEmitterDefClass@@UAEXM@Z,unclaimed
0x0098D4E0,13,Code/Libraries/Source/WWVegas/WW3D2/part_ldr.cpp,?Set_Merge_Abort_Factor@ParticleEmitterDefClass@@UAEXM@Z,unclaimed
0x0098D4F0,13,Code/Libraries/Source/WWVegas/WW3D2/part_ldr.cpp,?Set_Texture_Tile_Factor@ParticleEmitterDefClass@@UAEXM@Z,unclaimed
0x009A17D0,18,Code/Libraries/Source/WWVegas/WWLib/ini.cpp,??0?$TPoint2D@H@@QAE@HH@Z,unclaimed
0x009A2339,8,Code/Libraries/Source/WWVegas/WWLib/ini.cpp,?Invalidate_Archive@?$IndexClass@HPAUINIEntry@@@@ABEXXZ,scaffold
0x009A2D40,13,Code/GameEngine/Source/Common/OneWordCopyThunk.cpp,?copyFrom@OneWordCopyThunk@@QAEPAU1@PBU1@@Z,unclaimed
0x009A2D50,22,Code/GameEngine/Source/Common/NameKeyGenerator.cpp,??0?$pair@$$CBW4NameKeyType@@PAVBucket@@@_STL@@QAE@ABW4NameKeyType@@ABQAVBucket@@@Z,unclaimed
0x009A34E0,56,Code/GameEngine/Source/Common/StateMachine.cpp,??$_M_find@I@?$_Rb_tree@IU?$pair@$$CBIPAVState@@@_STL@@U?$_Select1st@U?$pair@$$CBIPAVState@@@_STL@@@2@U?$less@I@2@V?$allocator@U?$pair@$$CBIPAVState@@@_STL@@@2@@_STL@@ABEPAU?$_Rb_tree_node@U?$pair@$$CBIPAVState@@@_STL@@@1@ABI@Z,unclaimed
0x009C8ED0,13,Code/GameEngine/Source/Common/OneWordCopyThunk.cpp,?copyFrom@OneWordCopyThunk@@QAEPAU1@PBU1@@Z,unclaimed
0x009CE650,13,Code/GameEngine/Source/Common/OneWordCopyThunk.cpp,?copyFrom@OneWordCopyThunk@@QAEPAU1@PBU1@@Z,unclaimed
0x009CE690,13,Code/GameEngine/Source/Common/OneWordCopyThunk.cpp,?copyFrom@OneWordCopyThunk@@QAEPAU1@PBU1@@Z,unclaimed
0x009D6F80,22,Code/GameEngine/Source/Common/NameKeyGenerator.cpp,??0?$pair@$$CBW4NameKeyType@@PAVBucket@@@_STL@@QAE@ABW4NameKeyType@@ABQAVBucket@@@Z,unclaimed
0x009D6FF0,18,Code/Libraries/Source/WWVegas/WWLib/ini.cpp,??0?$TPoint2D@H@@QAE@HH@Z,unclaimed
0x009D7010,18,Code/Libraries/Source/WWVegas/WWLib/ini.cpp,??0?$TPoint2D@H@@QAE@HH@Z,unclaimed
0x009D7210,20,Code/GameEngine/Source/Common/RTS/Player.cpp,??R?$equal_to@H@_STL@@QBE_NABH0@Z,unclaimed
0x009D72D0,18,Code/Libraries/Source/WWVegas/WWLib/ini.cpp,??0?$TPoint2D@H@@QAE@HH@Z,unclaimed
0x009D72F0,18,Code/Libraries/Source/WWVegas/WWLib/ini.cpp,??0?$TPoint2D@H@@QAE@HH@Z,unclaimed
0x009E1170,9,Code/GameEngine/Source/GameNetwork/FrameData.cpp,?setFrameCommandCount@FrameData@@QAEXI@Z,unclaimed
0x009E2210,18,Code/Libraries/Source/WWVegas/WWLib/ini.cpp,??0?$TPoint2D@H@@QAE@HH@Z,unclaimed
0x009E2230,25,Code/Libraries/Source/WWVegas/WWLib/ini.cpp,??0?$TPoint3D@H@@QAE@HHH@Z,unclaimed
0x009E2250,18,Code/Libraries/Source/WWVegas/WWLib/ini.cpp,??0?$TPoint2D@H@@QAE@HH@Z,unclaimed
0x009E2400,16,Code/Libraries/Source/WWVegas/WWLib/ini.cpp,??8NodeElement@?$IndexClass@HPAUINIEntry@@@@QBE_NABU01@@Z,unclaimed
0x009E2430,16,Code/Libraries/Source/WWVegas/WWLib/ini.cpp,??8NodeElement@?$IndexClass@HPAUINIEntry@@@@QBE_NABU01@@Z,unclaimed
0x009E2440,22,Code/Libraries/Source/WWVegas/WWLib/ini.cpp,??MNodeElement@?$IndexClass@HPAUINIEntry@@@@QBE_NABU01@@Z,unclaimed
0x009E25D0,27,Code/Libraries/Source/WWVegas/WWLib/ini.cpp,?Is_Valid@?$Node@PAUINIEntry@@@@QBE_NXZ,unclaimed
0x009E2660,25,Code/Libraries/Source/WWVegas/WWLib/ini.cpp,??0?$TPoint3D@H@@QAE@HHH@Z,unclaimed
0x009EC140,22,Code/GameEngine/Source/Common/NameKeyGenerator.cpp,??0?$pair@$$CBW4NameKeyType@@PAVBucket@@@_STL@@QAE@ABW4NameKeyType@@ABQAVBucket@@@Z,unclaimed
0x009EC1C0,56,Code/GameEngine/Source/Common/StateMachine.cpp,??$_M_find@I@?$_Rb_tree@IU?$pair@$$CBIPAVState@@@_STL@@U?$_Select1st@U?$pair@$$CBIPAVState@@@_STL@@@2@U?$less@I@2@V?$allocator@U?$pair@$$CBIPAVState@@@_STL@@@2@@_STL@@ABEPAU?$_Rb_tree_node@U?$pair@$$CBIPAVState@@@_STL@@@1@ABI@Z,unclaimed
0x009ECB20,22,Code/GameEngine/Source/Common/NameKeyGenerator.cpp,??0?$pair@$$CBW4NameKeyType@@PAVBucket@@@_STL@@QAE@ABW4NameKeyType@@ABQAVBucket@@@Z,unclaimed
0x009ECBC0,11,Code/Libraries/Source/WWVegas/WWMath/gridcull.cpp,?Is_Done@GridListIterator@@QAE_NXZ,unclaimed
0x009ECBD0,13,Code/GameEngine/Source/Common/OneWordCopyThunk.cpp,?copyFrom@OneWordCopyThunk@@QAEPAU1@PBU1@@Z,unclaimed
0x009ECCC0,18,Code/Libraries/Source/WWVegas/WWLib/ini.cpp,??0?$TPoint2D@H@@QAE@HH@Z,unclaimed
0x009ED010,22,Code/GameEngine/Source/Common/NameKeyGenerator.cpp,??0?$pair@$$CBW4NameKeyType@@PAVBucket@@@_STL@@QAE@ABW4NameKeyType@@ABQAVBucket@@@Z,unclaimed
0x009ED200,41,Code/GameEngine/Source/Common/Audio/GameAudio.cpp,?__copy_trivial@_STL@@YAPAXPBX0PAX@Z,unclaimed
0x009ED230,38,Code/GameEngine/Source/Common/VectorIntegerInsertOverflowThunk.cpp,??$__copy_backward_ptrs@PAHPAH@_STL@@YAPAHPAH00ABU__true_type@0@@Z,unclaimed
0x009ED2B0,11,Code/Libraries/Source/WWVegas/WWMath/gridcull.cpp,?Is_Done@GridListIterator@@QAE_NXZ,unclaimed
0x009ED3B0,18,Code/Libraries/Source/WWVegas/WWLib/ini.cpp,??0?$TPoint2D@H@@QAE@HH@Z,unclaimed
0x009ED400,18,Code/Libraries/Source/WWVegas/WWLib/ini.cpp,??0?$TPoint2D@H@@QAE@HH@Z,unclaimed
0x009ED7E0,41,Code/GameEngine/Source/Common/Audio/GameAudio.cpp,?__copy_trivial@_STL@@YAPAXPBX0PAX@Z,unclaimed
0x009ED810,38,Code/GameEngine/Source/Common/VectorIntegerInsertOverflowThunk.cpp,??$__copy_backward_ptrs@PAHPAH@_STL@@YAPAHPAH00ABU__true_type@0@@Z,unclaimed
0x009EDCD0,41,Code/GameEngine/Source/Common/Audio/GameAudio.cpp,?__copy_trivial@_STL@@YAPAXPBX0PAX@Z,unclaimed
0x009EDD00,38,Code/GameEngine/Source/Common/VectorIntegerInsertOverflowThunk.cpp,??$__copy_backward_ptrs@PAHPAH@_STL@@YAPAHPAH00ABU__true_type@0@@Z,unclaimed
